Product ID,Product Name,Product Type,Category,Brand Name,Product Line Name,Ingredients,Use Instructions,Package Size,Product Description,Product Colour,Country of Origin,Date Added,Barcode (EAN/UPC),"Barcode Type (e.g., EAN-13, UPC-A)",Batch Number,SKU,Benefits,Product Image URL,Hero Ingriedients Match,Key Ingriedients,Key Ingriedients2,Key Ingriedients3,Key Ingriedients4,Key Ingriedients5,Product Images,Verification Status,Verification Date,"Notes (For internal use: flags, manual checks, comments, etc.)",Source
1,Skin Light Body Lotion With Carrot Extract and Vitamin E 16.9 oz,skin care,Lotion,Skin Light,,,,16.9 oz,"Skin Light Body Lotion With Carrot Extract and Vitamin E 16.9 oz Skin light milk has been developed to take gentle care of your skin and soften. Conveys an even complexion, help renving daeks blocches and pimples. Makes your skin healthy,radiant, soft and satin-smooth. Quality not all altered by change accruing in the color of product.",,,2025-08-25,,,,6181100461855.0,,https://www.lisabeautysupply.com/wp-content/uploads/2023/03/yhst-88462588038071_2612_9949953301.png,,,,,,,,,,,https://www.lisabeautysupply.com/product/skin-light-body-lotion-with-carrot-extract-and-vitamin-e-16-9-oz/
2,Aveeno Positively Radiant Skin Brightening Exfoliating Face Scrub 7 oz,skin care,Scrub,Aveeno Positively,,,,7 oz,"Aveeno Positively Radiant Skin Brightening Exfoliating Face Scrub 7 oz Gently remove impurities for softer, brighter, more even-toned skin with Aveeno Positively Radiant Skin Brightening Daily Scrub. This brightening facial scrub gently exfoliates skin and helps improve tone, texture, and clarity to reveal brighter, more radiant skin. It’s designed to help improve dullness and blotchiness, so your skin looks and feels fresh. The unique formula of this gentle face scrub combines moisture-rich soy extract with naturally derived granules to exfoliate while you cleanse. The face scrub is also made with jojoba and castor oils, for skin that is softer, brighter and more even-toned. The soap-free formula is hypoallergenic, non-comedogenic, and gentle enough for sensitive skin and everyday use.The Positively Radiant collection is designed to enhance your natural radiance and give you a lit-from-within glow. Each soy enriched product enriched product targets even tone and texture. 7-oz tube of Aveeno Positively Radiant Skin Brightening Daily Scrub for softer, smoother skin This brightening facial scrub cleanses skin and helps improve skin tone, texture, and clarity Its unique formula contains moisture-rich soy extract and naturally derived granules The exfoliating cleanser is designed to gently remove impurities for softer, brighter skin This brightening face scrub is formulated with jojoba and castor oils From a dermatologist recommended skin care brand, this face scrub is soap-free and hypoallergenic It is suitable for everyday use and sensitive skin, and is non-comedogenic so it won’t clog pores Positively Radiant collection is designed to enhance natural radiance for a lit-from-within glow",,,2025-08-25,,,,381371181919.0,,"https://www.lisabeautysupply.com/wp-content/uploads/2023/03/yhst-88462588038071_2616_7906762332.png, https://www.lisabeautysupply.com/wp-content/uploads/2023/03/yhst-88462588038071_2616_1104346553.jpg, https://www.lisabeautysupply.com/wp-content/uploads/2023/03/yhst-88462588038071_2616_1104346553-510x667.jpg",,,,,,,,,,,https://www.lisabeautysupply.com/product/aveeno-positively-radiant-skin-brightening-exfoliating-face-scrub-7-oz/
3,Pr. Francoise Bedon Supreme Lightening Beauty Cream with Argan Oil 1.69 oz,skin care,Cream,Pr. Francoise,,,,1.69 oz,"Pr. Francoise Bedon Supreme Lightening Beauty Cream with Argan Oil 1.69 oz Pr. Francoise Bedon Supreme Tube Cream Lightening with Argan Oil 1.69oz/50ml Professor Francoise Bedon Lightening Cream SUPREME effectively fights against dark spots of the skin, natural or accidental marks and scars like cause by pregnancy, ageing or sun exposure. This cream enriches with argan oil is formulated using vegetable extracts, carefully chosen to leave you a smooth, clear and free from spots skin.",,,2025-08-25,,,,3045621624621.0,,,,,,,,,,,,,https://www.lisabeautysupply.com/product/pr-francoise-bedon-supreme-lightening-beauty-cream-with-argan-oil-1-69-oz/
4,Nutriclair Carrot Clarifying Moisturizing Milk 17 oz,skin care,Milk,Nutriclair Carrot,,,,17 oz,"Nutriclair Carrot Clarifying Moisturizing Milk 17 oz This high quality milk NUTRCLAIR contains two plant ingredients for a natural lightening and carrot oil with vitamins to brighten your complexion. Rich in Shea Butter and Argan Oil, it is an excellent skincare that will hydrate and nourish your skin. This moisturizing milk will give your skin the suppleness and hydration it needs and will give you a brighter complexion. To be used once or twice daily on the face or body.",,,2025-08-25,,,,5425024360063.0,,"https://www.lisabeautysupply.com/wp-content/uploads/2023/03/yhst-88462588038071_2615_7667333192-768x243.png, https://www.lisabeautysupply.com/wp-content/uploads/2023/03/yhst-88462588038071_2615_7667333192.png, https://www.lisabeautysupply.com/wp-content/uploads/2023/03/yhst-88462588038071_2615_11089801986.png, https://www.lisabeautysupply.com/wp-content/uploads/2023/03/yhst-88462588038071_2615_7667333192-510x161.png, https://www.lisabeautysupply.com/wp-content/uploads/2023/03/yhst-88462588038071_2615_7667333192-800x253.png",,,,,,,,,,,https://www.lisabeautysupply.com/product/nutriclair-carrot-clarifying-moisturizing-milk-17-oz/
5,Easy White Express Carrot Radiance and Clarity Body Lotion 16.9 oz,skin care,Lotion,Easy White,,,,16.9 oz,"Easy White Express Carrot Radiance Body Lotion 16.9 oz Thanks to rebalancing actions of Carrot Extract, this Body Care is suitable for all types of shades of skin, it revives the complexion for optimal brightness. CocoaButter acts as a powerful antioxidant to protect the skin from daily agggression (sun,pollution, fatigue, stress). Rich in Vitamins A,B,C,E it promotes the regeneration of skin cells and provides them with hydration while fighting against stretch marks. The complexion is perfectly unified, glowing and revived from the first application, the epidermis is restructed. The skin becomes clearer, more beautiful and uniform.",,,2025-08-25,,,,7640144937416.0,,https://www.lisabeautysupply.com/wp-content/uploads/2023/03/yhst-88462588038071_2613_26170789769.png,,,,,,,,,,,https://www.lisabeautysupply.com/product/easy-white-express-carrot-radiance-and-clarity-body-lotion-16-9-oz/
6,Clear Quick Active Gel 3.45 oz,skin care,Gel,Clear Quick,,,,3.45 oz,Clear Quick Active Gel 3.45 oz This important skin care is specially formulated to give a rich and smooth complexion. It helps to eliminate dark spots and protects your skin against harmful effects of UV rays.,,,2025-08-25,,,,877418000638.0,,https://www.lisabeautysupply.com/wp-content/uploads/2023/03/yhst-88462588038071_2616_8101593743.png,,,,,,,,,,,https://www.lisabeautysupply.com/product/clear-quick-active-gel-3-45-oz/
7,Pure Skin Black Spot Corrector Lotion 1 oz,skin care,Lotion,Pure Skin,,,,1 oz,"Pure Skin Black Spot Corrector Lotion 1 oz Dark Spot Acne-Scars-Concealer Black Spot Corrector lotion for final touch correction of persisting spots and cares (knees, elbows). Avoid contact with eyes. If your skin irritated, stop use. Do not use for children under 12 years old.",,,2025-08-25,,,,6182000110621.0,,https://www.lisabeautysupply.com/wp-content/uploads/2023/03/yhst-88462588038071_2612_9917377208.png,,,,,,,,,,,https://www.lisabeautysupply.com/product/pure-skin-black-spot-corrector-lotion-1-oz/
8,Clean & Clear Morning Burst Skin Brightening Facial Scrub Oil-Free 5 oz,skin care,Oil,Clean &,,,,5 oz,"Clean & Clear Morning Burst Skin Brightening Facial Scrub Oil-Free 5 oz Clean & Clear Morning Burst Skin Brightening Facial Scrub exfoliates skin to remove dirt, oil, and impurities deep down in pores. Specially formulated to reveal a visibly brighter complexion, this cleansing face scrub contains micro-beads that sweep away dull surface skin while a blend of caffeine, lemon, and papaya invigorates the senses. This exfoliating face cleanser is oil-free and non-comedogenic, so it won’t clog pores. It is safe to use as a part of your daily skin-care routine to help jump start your day and leave your face feeling fresh and clean. 5-oz tube of Clean & Clear Morning Burst Skin Brightening Facial Scrub This exfoliating facial cleanser removes dirt, oil, and impurities Formulated with micro-beads to remove dead surface skin Made with caffeine, lemon, and papaya to help leave your skin feeling fresh and clean This brightening scrub is great to use in the morning to help wake up your skin and start the day Ideal for use on normal, oily, combination, and acne-prone skin The oil-free, non-comedogenic formula won’t clog pores and is suitable for daily use For use wet your face, work scrub into a lather, then gently massaging all over face and rinse",,,2025-08-25,,,,381371020829.0,,"https://www.lisabeautysupply.com/wp-content/uploads/2023/03/yhst-88462588038071_2617_1234393505.jpg, https://www.lisabeautysupply.com/wp-content/uploads/2023/03/yhst-88462588038071_2617_1234291572.png",,,,,,,,,,,https://www.lisabeautysupply.com/product/clean-clear-morning-burst-skin-brightening-facial-scrub-oil-free-5-oz/
9,G & G Dynamiclair Beauty Soap 6.7 oz / 200g,skin care,Soap,G &,,,,"6.7 oz, 200g","G & G Dynamiclair Beauty Soap 6.7 oz This is an erasing and lightening care. its sleek and new formula will nelt into your skin, clean and hydrate your skin by smoothing and illuminating your skin.",,,2025-08-25,,,,752301002053.0,,https://www.lisabeautysupply.com/wp-content/uploads/2023/03/yhst-88462588038071_2613_1660264574.png,,,,,,,,,,,https://www.lisabeautysupply.com/product/g-g-dynamiclair-beauty-soap-6-7-oz-200g/
10,Pr. Francoise Bedon Homme Lightening Lotion for Men 16.8 oz,skin care,Lotion,Pr. Francoise,,,,16.8 oz,"Pr. Francoise Bedon Homme Lightening Lotion for Men 16.8 oz Professor Francoise Bedon Care for Men, specially adapted to black and half-caste skins, is performed by its 100% natural plants and Shea butter content. This formula treats and helps to eliminate scars and marks the ones caused by ageing or sun exposure. Moreover it is enriched with Shea butter, particularly repairing and soothing. It also contains Vitamin E to protect the skin from ageing and free radicals.",,,2025-08-25,,,,3045621624577.0,,https://www.lisabeautysupply.com/wp-content/uploads/2023/03/yhst-88462588038071_2617_6916245656.png,,,,,,,,,,,https://www.lisabeautysupply.com/product/pr-francoise-bedon-homme-lightening-lotion-for-men-16-8-oz/
11,Mane Concept Brown Sugar BSX01 Straight 28″ Lace Front Wig Human Hair Blend,skin care,,Mane Concept,,,,,"MANE CONCEPT BROWN SUGAR VERSATILE  LACE HUMAN HAIR STYLEMIX LACE FRONT WIG BSX01 STRAIGHT 28″ BRAND: MANE CONCEPT BROWN SUGAR LENGHT : 28″ STYLE: STRAIGHT MATERIAL: 100% HUMAN HAIR STYLEMIX TYPE: LACE FRONT WIG Human Hair StyleMix Our exclusive Human Hair StyleMix  line comprises 100% Human Hair blended with proprietary synthetic texture, giving you the look of natural hair combined with the volume and control of the latest hair technology. With Human Hair StyleMix you get the best of both worlds the look of 100% Human Hair along with the styling manageability of high tech fibers. The Best Taste In Human Hair StyleMix” Experience superior wig quality like no other! We exclusively introduce Brown Sugar Human Hair StyleMix ,the wig designed to fit and last your everyday lifestyle! Brown Sugar’s natural texture delivers maximum comfort so you feel no irritation only satisfaction. We never compromise when it comes to quality, which is why Brown Sugar delivers the best results when it comes to styling and lasting durability. Brown Sugar, the Best Natural Taste in Human Hair StyleMix Wigs. ONE WIG. ENDLESS POSSIBILITIES. Ever given up on a hairstyle because your wig has a single part line? With our Versatile Lace wig, you’re no longer limited to just ponytails and down-dos 0ur innovative cross lace pattern gives you the freedom to part your hair both vertically and horizontally. Go for those pigtails, galaxy buns, and the universally flattering half up half down hairstyles the skies the limit! Enjoy ultimate versatility with our revolutionary Versatile Lace wig! It’s the One Wig with Endless Possibilities! Benefits .Cross Lace Pattern .Maximum comfortability .Quick Styles .Natural Partings .No Irritation .Versatile Stylings .Flexibility Wig Care Instruction Detangle the hair before wash. Soak the wig using mild conditioning shampoo. Gently swish the hair and avoid pulling or rubbing. Condition & Rinse by letting water run through. Pat dry access water. Gently finger brush and lay hair on flat surface to dry. Dry naturally or use blow dryer with diffuser. Wig care tips For curly wigs Hair-Net maybe placed during air drying. Do not sleep on wet Hair. Use curling or flat iron only when hair is completely dry. Use wide toothed comb for Waves and Paddle brush for Straight. Use Instruction If you used tape: Must use “remove solution” to remove tape from your skin & from the wig be extremely cautious not to pull hair when removing the tape from lace area. If you used glue Must use “remove solution” to remove all the glue residue before shampooing If you used without tape or glue: Put wig on, adjusting the lace forehead line to align with your own hairline. Let the lace out and cut off the extra lace patch. Secure the comb at the nape area first and adjust the fitting to your head shape. Hold the top by gently pressing in, and start securing the combs on the sides. Make final style touch to create more natural look.",,,2025-08-25,,,,,,"https://www.lisabeautysupply.com/wp-content/uploads/2022/01/yhst-88462588038071_2614_9720722166-510x772.jpg, https://www.lisabeautysupply.com/wp-content/uploads/2022/01/yhst-88462588038071_2614_9720796891-510x743.jpg, https://www.lisabeautysupply.com/wp-content/uploads/2022/01/yhst-88462588038071_2614_9720722166-529x800.jpg, https://www.lisabeautysupply.com/wp-content/uploads/2022/01/yhst-88462588038071_2614_9720868815-510x774.jpg, https://www.lisabeautysupply.com/wp-content/uploads/2022/01/yhst-88462588038071_2614_9720868815-527x800.jpg, https://www.lisabeautysupply.com/wp-content/uploads/2022/01/Mane-Concept-Brown-Sugar-BSX01-Straight-2822-Lace-Front-Wig-Human-Hair-Blend.png, https://www.lisabeautysupply.com/wp-content/uploads/2022/01/yhst-88462588038071_2614_9720796891-549x800.jpg, https://www.lisabeautysupply.com/wp-content/uploads/2022/01/yhst-88462588038071_2614_9720796891.jpg, https://www.lisabeautysupply.com/wp-content/uploads/2022/01/yhst-88462588038071_2614_9720722166.jpg, https://www.lisabeautysupply.com/wp-content/uploads/2022/01/yhst-88462588038071_2614_9720868815.jpg",,,,,,,,,,,https://www.lisabeautysupply.com/product/mane-concept-brown-sugar-bsx01-straight-28-lace-front-wig-human-hair-blend/
12,Ami White Ultra White Serum 1 oz,skin care,Serum,Ami White,,,,1 oz,"Ami White Ultra White Serum 1 oz The Ultra white serum is an active complement for your skin care. The Ami White lightening serum contains fatty acids very efficients to treat phalanx, elbow and knees which are always difficult to light. The Ami white serum contributes towards skin lightening and toning down skin parchedness. Results are obvious: wrinkles disappear, the skin is more dynamic, and flexible.",,,2025-08-25,,,,400000920061.0,,"https://www.lisabeautysupply.com/wp-content/uploads/2023/03/yhst-88462588038071_2613_276072761-409x400.png, https://www.lisabeautysupply.com/wp-content/uploads/2023/03/yhst-88462588038071_2613_276072761.png",,,,,,,,,,,https://www.lisabeautysupply.com/product/ami-white-ultra-white-serum-1-oz/
13,Topifarm Lightening Soap Blue 7.0 oz,skin care,Soap,Topifarm Lightening,,,,7.0 oz,"Topifarm Lightening Soap Blue 7.0 oz A Clear and unified dye are possible unless your skin wis deeply cleaned and got rid of dead cells which tarnish the glare of your tone. This essential stage is ensured by the lightening Soap 90 allowing and in-depth cleaning, thus facilitating the penetration of the skin care products. BEAUTY ACTION: 1- A purifying action. 2- A skin obviously clearer. 3- A complexion more healthier and a clearer tone.",,,2025-08-25,,,,3440576130652.0,,"https://www.lisabeautysupply.com/wp-content/uploads/2023/03/yhst-88462588038071_2612_1633968586-510x361.png, https://www.lisabeautysupply.com/wp-content/uploads/2023/03/yhst-88462588038071_2612_1633968586-768x544.png, https://www.lisabeautysupply.com/wp-content/uploads/2023/03/yhst-88462588038071_2612_3147918964.png, https://www.lisabeautysupply.com/wp-content/uploads/2023/03/yhst-88462588038071_2612_1633392581-768x651.png, https://www.lisabeautysupply.com/wp-content/uploads/2023/03/yhst-88462588038071_2612_1633392581-472x400.png, https://www.lisabeautysupply.com/wp-content/uploads/2023/03/yhst-88462588038071_2612_1633392581.png, https://www.lisabeautysupply.com/wp-content/uploads/2023/03/yhst-88462588038071_2612_3147918964-431x400.png, https://www.lisabeautysupply.com/wp-content/uploads/2023/03/yhst-88462588038071_2612_1633392581-510x432.png, https://www.lisabeautysupply.com/wp-content/uploads/2023/03/yhst-88462588038071_2612_1633968586-565x400.png, https://www.lisabeautysupply.com/wp-content/uploads/2023/03/yhst-88462588038071_2612_1633968586.png",,,,,,,,,,,https://www.lisabeautysupply.com/product/topifarm-lightening-soap-blue-7-0-oz/
14,Pr. Francoise Bedon Caviar Scrub-Exfoliating Luxury Soap 7 oz,skin care,Scrub,Pr. Francoise,,,,7 oz,"Pr. Francoise Bedon Caviar Scrub-Exfoliating Luxury Soap 7 oz Professor Francoise Bedon created for you, a new formula for a Luxury exfoliating Soap using CAVIAR extract. The Caviar that Professor Francoise Bedon includes, has been selected from the most luxurious grown on the strands of the Mediterranean Sea. This high-quality Luxury exfoliating Soap with CAVIAR cleans, purifies, takes care and hydrates your epidermis. This soap improves your complexion and gives you a smooth, soft, healthy and bright skin.",,,2025-08-25,,,,98864900888.0,,"https://www.lisabeautysupply.com/wp-content/uploads/2023/03/yhst-88462588038071_2612_814420095.png, https://www.lisabeautysupply.com/wp-content/uploads/2023/03/yhst-88462588038071_2612_9846070527.png, https://www.lisabeautysupply.com/wp-content/uploads/2023/03/yhst-88462588038071_2612_814420095-510x599.png, https://www.lisabeautysupply.com/wp-content/uploads/2023/03/yhst-88462588038071_2612_815004474.png, https://www.lisabeautysupply.com/wp-content/uploads/2023/03/yhst-88462588038071_2612_814420095-681x800.png",,,,,,,,,,,https://www.lisabeautysupply.com/product/pr-francoise-bedon-caviar-scrub-exfoliating-luxury-soap-7-oz/
15,Fair & White Exclusive Whitenizer Exfoliating Soap 7 oz / 200 g,skin care,Soap,Fair &,,,,"7 oz, 200 g","Fair & White Exclusive Whitenizer Exfoliating Soap 7 oz / 200 g Cleanses and buffs away dead skin cells, instantly restoring radiance with Apricot seed Powder, promoting a healthy glow. Smoothes skins texture with hydrating and nourishing Glycerin. Cellular turnover slows down as we age giving the skin a dull appearance therefore, exfoliation is an important step to add to your daily skincare regimen, immediately improving skin’s texture. For more hydrated skin follow up with Exclusive Body Lotion. Also, follow up with SkinProtect SPF 50 Sunscreen daily to maintain even skin tone. Main Ingredients:  Apricot Seed Powder.",,,2025-08-25,,,,877917005271.0,,https://www.lisabeautysupply.com/wp-content/uploads/2023/03/yhst-88462588038071_2616_10908265820.png,,,,,,,,,,,https://www.lisabeautysupply.com/product/fair-white-exclusive-whitenizer-exfoliating-soap-7-oz-200-g/
16,Electric Neck Massager Machine,skin care,,Electric Neck,,,,,"Electric Neck Massager & Pulse Back 6 Modes Power Control Far Infrared Heating Pain Relief Tool Health Care Relaxation Machine Please check the instructions before buying. Note: Vibration is invisible to the naked eye, only by putting it on your neck can you feel it at work. 1.Please settle 2 pcs AAA batteries( NOT Included ); 2. Switch on button .; 3. Press “”on “” button . You will check the indicator display “”red’, then change mode; 4. Bring a neck massager around your neck; 5. Press the button “”High”” until you feel an electric shock. This device uses electric current to stimulate muscles to achieve the purpose of massage. There are 6 modes in total. 15 strengths. The intensity is too low to feel noticeable. When the intensity reaches a certain level. You will feel an electric shock. Recently, many buyers say they don’t work. After our verification, the situation is as follows. This massager has a total of 15 Level When the massager is turned on, the intensity may be too low to feel very small. At this time, you can press “high” to increase the intensity. Q&A: What is the cause of some tingling in the neck using the electrical plug function? A: The neck tingling is the cause of dry skin, therapeutic apparatus and the neck was not fully close, discomfort of electric pulse function, it is recommended to use a wet towel to wipe the skin or use body lution first,  electrical strength should be weak after a strong, gradually adapt. (electric pulse massage is used to massage the neck meridian,not the cervical vertebra.) Q: why does the neck ache in the cervical spine therapy? A: the cervical vertebra adjustment instrument USES ergonomic design, perfect fit human body does not use the neck dimension. Please wear this product correctly when using, and maintain the correctly posture. Use 10-20minutes every day to make your neck relax.",,,2025-08-25,,,,4000183989112.0,,"https://www.lisabeautysupply.com/wp-content/uploads/https://ae01.alicdn.com/kf/H18b3454152624f3b816bd331061fcbf1n/Electric-Neck-Massager-Pulse-Back-6-Modes-Power-Control-Far-Infrared-Heating-Pain-Relief-Tool-Health.jpg_640x640.jpg, https://www.lisabeautysupply.com/wp-content/uploads/https://ae01.alicdn.com/kf/H8f85b80101f64292b7d93c3f8262b82e3/Electric-Neck-Massager-Pulse-Back-6-Modes-Power-Control-Far-Infrared-Heating-Pain-Relief-Tool-Health.jpg, https://www.lisabeautysupply.com/wp-content/uploads/https://ae01.alicdn.com/kf/H620e8e5ab0014e3a8d8d72713250fb69A/Electric-Neck-Massager-Pulse-Back-6-Modes-Power-Control-Far-Infrared-Heating-Pain-Relief-Tool-Health.jpg_640x640.jpg, https://www.lisabeautysupply.com/wp-content/uploads/https://ae01.alicdn.com/kf/Ha2562e8fa39c4e398b4573dff0e352d58/Electric-Neck-Massager-Pulse-Back-6-Modes-Power-Control-Far-Infrared-Heating-Pain-Relief-Tool-Health.jpg, https://www.lisabeautysupply.com/wp-content/uploads/https://ae01.alicdn.com/kf/H620e8e5ab0014e3a8d8d72713250fb69A/Electric-Neck-Massager-Pulse-Back-6-Modes-Power-Control-Far-Infrared-Heating-Pain-Relief-Tool-Health.jpg, https://www.lisabeautysupply.com/wp-content/uploads/https://ae01.alicdn.com/kf/Ha2562e8fa39c4e398b4573dff0e352d58/Electric-Neck-Massager-Pulse-Back-6-Modes-Power-Control-Far-Infrared-Heating-Pain-Relief-Tool-Health.jpg_640x640.jpg, https://www.lisabeautysupply.com/wp-content/uploads/https://ae01.alicdn.com/kf/H209c2a54925e450fb50e8a93f8c044b3n/Electric-Neck-Massager-Pulse-Back-6-Modes-Power-Control-Far-Infrared-Heating-Pain-Relief-Tool-Health.jpg_640x640.jpg, https://www.lisabeautysupply.com/wp-content/uploads/https://ae01.alicdn.com/kf/H18b3454152624f3b816bd331061fcbf1n/Electric-Neck-Massager-Pulse-Back-6-Modes-Power-Control-Far-Infrared-Heating-Pain-Relief-Tool-Health.jpg, https://www.lisabeautysupply.com/wp-content/uploads/https://ae01.alicdn.com/kf/H4a04a6d5fee24884ba6f1ca332a7dadaU/Electric-Neck-Massager-Pulse-Back-6-Modes-Power-Control-Far-Infrared-Heating-Pain-Relief-Tool-Health.jpg, https://www.lisabeautysupply.com/wp-content/uploads/https://ae01.alicdn.com/kf/H209c2a54925e450fb50e8a93f8c044b3n/Electric-Neck-Massager-Pulse-Back-6-Modes-Power-Control-Far-Infrared-Heating-Pain-Relief-Tool-Health.jpg, https://www.lisabeautysupply.com/wp-content/uploads/https://ae01.alicdn.com/kf/H4a04a6d5fee24884ba6f1ca332a7dadaU/Electric-Neck-Massager-Pulse-Back-6-Modes-Power-Control-Far-Infrared-Heating-Pain-Relief-Tool-Health.jpg_640x640.jpg, https://www.lisabeautysupply.com/wp-content/uploads/https://ae01.alicdn.com/kf/H8f85b80101f64292b7d93c3f8262b82e3/Electric-Neck-Massager-Pulse-Back-6-Modes-Power-Control-Far-Infrared-Heating-Pain-Relief-Tool-Health.jpg_640x640.jpg",,,,,,,,,,,https://www.lisabeautysupply.com/product/electric-neck-massager-machine/
17,K-Resse Lightening Body Lotion 16.9oz,skin care,Lotion,K-Resse Lightening,,,,16.9oz,K-Resse Lightening Body Lotion 16.9oz K-RESSE Lightening Body Lotion has beeen designed to meet he specifc requirements of BLack and Asian skins. Its formula rich in lightening active ingredient of natural origin (sea ferns) helps to lighten the complexion by promoting the depigmentation of the skin thanks to its participation in the reduction melanin synthesis. Its pH is cloe to the physiological pH and respects the epidermis natuyral balance. This lotion with its fluid texture and frehs floral fragranceis the ultimate diualy body care. Results: It fades out dark patches. leaving skin tone even and radiant,,,2025-08-25,,,,3760196661825.0,,https://www.lisabeautysupply.com/wp-content/uploads/2023/03/yhst-88462588038071_2612_2846329017.png,,,,,,,,,,,https://www.lisabeautysupply.com/product/k-resse-lightening-body-lotion-16-9oz/
18,Gold Skin Clarifying Body Soap With Argan Oil 6 oz / 180 g,skin care,Oil,Gold Skin,,,,"6 oz, 180 g","Gold Skin Clarifying Body Soap With Argan Oil 6 oz GOLD SKIN Clarifying Soap with Argan Oil deeply cleanses the skin while removing dead cells and other imperfections. Its cleansing base is enriched with Argan Oil which helps to evenly brighten the complexion, moisturize and helps to nourish, tone and provide anti-aging to the skin. Freed from impurities, your skin is ready to receive your GOLD SKIN care. Results in 10 Days",,,2025-08-25,,,,6181100321913.0,,https://www.lisabeautysupply.com/wp-content/uploads/2023/03/yhst-88462588038071_2613_2249109011.png,,,,,,,,,,,https://www.lisabeautysupply.com/product/gold-skin-clarifying-body-soap-with-argan-oil-6-oz-180-g/
19,Clinic Clear Whitening Body Cream 1.7 oz,skin care,Cream,Clinic Clear,,,,1.7 oz,"Clinic Clear Whitening Body Cream 1.7 oz Discover the beauty secret of African-American women for a perfect skin. This multi-function whitening body care unifies, corrects, protects, brightens and hydrates your skin in one step. Your skin is radiant and unified while being protected against premature signs of aging. Its formula has been specially designed and adapted to meet the nature of African skins and their cosmetic needs.",,,2025-08-25,,,,6186000199037.0,,https://www.lisabeautysupply.com/wp-content/uploads/2023/03/yhst-88462588038071_2612_10465494843.png,,,,,,,,,,,https://www.lisabeautysupply.com/product/clinic-clear-whitening-body-cream-1-7-oz/
20,Hair Care Hair Growth Essential Oils,skin care,Oil,Hair Care,,,,,"Hair Care Hair Growth Essential Oils Essence Original Authentic 100% Hair Loss Liquid Health Care Beauty Dense Hair Growth Serum Description: Product function: 1, 2 or 3 Times fast Speed of hair growth 2, dense hair, issuance, prevent hair loss, let the hair follicles to grow new hair root! 3, raise hair make hair more smooth. Suit for the people : hair growth slow, need to grow hair, dry hair bifurcate short-tempered, hair loss, hair thinning hair, long hair perm hair damage, elastic matted hair luster, brittle hard ,not smooth hair Directions for use: 1. Wash hair with shampoo and dry your hair ( if you want fast grow hair, suggest hair growth spray can use together with hair growth essence and PURC thicken hair shampoo) 2. Spray Hair Growth Spray to the root of hair evenly, Two times a day(morning and evening), spray 1ml in one time, (spray 5-6 times) Increase or reduce the dosage according to the specific condition 3. If possible , massage for several minutes. 4. Leave it dry and for several hours before you do any thing to your hair. Caution: According to the survey of 10,000 customers, this product should insists on using 30 days,here’s 95% chance of hair growth. 50% of the people may obviously hair loss within 20 days of using period. But please don’t worry, that due to the product recuperate skin condition, after 20 days,hair loss will be obviously improved, and the new hair will grow ! Specifications: 1, 2 or 3 Times fast Speed of hair growth 2, dense hair, issuance, prevent hair loss, let the hair follicles to grow new hair root! 3, raise hair make hair more smooth. Suit for the people : hair growth slow, need to grow hair, dry hair bifurcate short-tempered, hair loss, hair thinning hair, long hair perm hair damage, elastic matted hair luster, brittle hard ,not smooth hair Directions for use: Package Included: 1pcs hair care product Notes: Caution: According to the survey of 10,000 customers, this product should insists on using 30 days,here’s 95% chance of hair growth. 50% of the people may obviously hair loss within 20 days of using period. But please don’t worry, that due to the product recuperate skin condition, after 20 days,hair loss will be obviously improved, and the new hair will grow !",,,2025-08-25,,,,32563988857.0,,"https://www.lisabeautysupply.com/wp-content/uploads/https://ae01.alicdn.com/kf/H008577556a4a44449eb0312bc83047b5g/Hair-Care-Hair-Growth-Essential-Oils-Essence-Original-Authentic-100-Hair-Loss-Liquid-Health-Care-Beauty.jpg_640x640.jpg, https://www.lisabeautysupply.com/wp-content/uploads/https://ae01.alicdn.com/kf/H008577556a4a44449eb0312bc83047b5g/Hair-Care-Hair-Growth-Essential-Oils-Essence-Original-Authentic-100-Hair-Loss-Liquid-Health-Care-Beauty.jpg, https://www.lisabeautysupply.com/wp-content/uploads/https://ae01.alicdn.com/kf/Hd7f6af0c562144449aa8c5cbec389033g/Hair-Care-Hair-Growth-Essential-Oils-Essence-Original-Authentic-100-Hair-Loss-Liquid-Health-Care-Beauty.jpg_640x640.jpg, https://www.lisabeautysupply.com/wp-content/uploads/https://ae01.alicdn.com/kf/Hc05cfe684db240ed96ce3b563c37389ee/Hair-Care-Hair-Growth-Essential-Oils-Essence-Original-Authentic-100-Hair-Loss-Liquid-Health-Care-Beauty.jpg, https://www.lisabeautysupply.com/wp-content/uploads/https://ae01.alicdn.com/kf/Hc05cfe684db240ed96ce3b563c37389ee/Hair-Care-Hair-Growth-Essential-Oils-Essence-Original-Authentic-100-Hair-Loss-Liquid-Health-Care-Beauty.jpg_640x640.jpg, https://www.lisabeautysupply.com/wp-content/uploads/https://ae01.alicdn.com/kf/He0975169e4db4a159dd78b3c07f55cdeg/Hair-Care-Hair-Growth-Essential-Oils-Essence-Original-Authentic-100-Hair-Loss-Liquid-Health-Care-Beauty.jpg_640x640.jpg, https://www.lisabeautysupply.com/wp-content/uploads/https://ae01.alicdn.com/kf/H505525cb31bf47bd8f7016afbcc1d7467/Hair-Care-Hair-Growth-Essential-Oils-Essence-Original-Authentic-100-Hair-Loss-Liquid-Health-Care-Beauty.jpg_640x640.jpg, https://www.lisabeautysupply.com/wp-content/uploads/https://ae01.alicdn.com/kf/H505525cb31bf47bd8f7016afbcc1d7467/Hair-Care-Hair-Growth-Essential-Oils-Essence-Original-Authentic-100-Hair-Loss-Liquid-Health-Care-Beauty.jpg, https://www.lisabeautysupply.com/wp-content/uploads/https://ae01.alicdn.com/kf/Hd7f6af0c562144449aa8c5cbec389033g/Hair-Care-Hair-Growth-Essential-Oils-Essence-Original-Authentic-100-Hair-Loss-Liquid-Health-Care-Beauty.jpg, https://www.lisabeautysupply.com/wp-content/uploads/https://ae01.alicdn.com/kf/He0975169e4db4a159dd78b3c07f55cdeg/Hair-Care-Hair-Growth-Essential-Oils-Essence-Original-Authentic-100-Hair-Loss-Liquid-Health-Care-Beauty.jpg, https://www.lisabeautysupply.com/wp-content/uploads/https://ae01.alicdn.com/kf/H97a6871daab249ceb286c6e503fc7bacm/Hair-Care-Hair-Growth-Essential-Oils-Essence-Original-Authentic-100-Hair-Loss-Liquid-Health-Care-Beauty.jpg_640x640.jpg, https://www.lisabeautysupply.com/wp-content/uploads/https://ae01.alicdn.com/kf/H97a6871daab249ceb286c6e503fc7bacm/Hair-Care-Hair-Growth-Essential-Oils-Essence-Original-Authentic-100-Hair-Loss-Liquid-Health-Care-Beauty.jpg",,,,,,,,,,,https://www.lisabeautysupply.com/product/hair-care-hair-growth-essential-oils/
21,QEI+ OR Innovative Strong Toning Body Milk 16.91 oz,skin care,Milk,QEI+ OR,,,,16.91 oz,"QEI+ OR Innovative Strong Toning Body Milk 16.91 oz Clear and Unblemished Complexion Fabulous and luxurious toning agent allying delicacy and performance, this unique care QEI + signs your beauty by hydrating, by unifying and by limiting the dark spots, repairing all the imperfections by revealing the brightness of your skin.",,,2025-08-25,,,,98864005873.0,,"https://www.lisabeautysupply.com/wp-content/uploads/2023/03/yhst-88462588038071_2612_905223531-510x89.png, https://www.lisabeautysupply.com/wp-content/uploads/2023/03/yhst-88462588038071_2612_905223531-800x140.png, https://www.lisabeautysupply.com/wp-content/uploads/2023/03/yhst-88462588038071_2612_905223531.png, https://www.lisabeautysupply.com/wp-content/uploads/2023/03/yhst-88462588038071_2612_905223531-768x135.png, https://www.lisabeautysupply.com/wp-content/uploads/2023/03/yhst-88462588038071_2615_11115181150.png, https://www.lisabeautysupply.com/wp-content/uploads/2023/03/yhst-88462588038071_2612_905223531-1536x269.png, https://www.lisabeautysupply.com/wp-content/uploads/2023/03/yhst-88462588038071_2612_905223531-1400x245.png",,,,,,,,,,,https://www.lisabeautysupply.com/product/qei-or-innovative-strong-toning-body-milk-16-91-oz/
22,Skin Light Cocoa Butter Lightening Beauty Cream 500ml / 16.9 oz,skin care,Cream,Skin Light,,,,"500ml, 16.9 oz","Skin Light Cocoa Butter Cream 16.9oz Skin Light Cocoa Butter Creme with Shea Butter and Vitamin E has been developed to take gentle care of your skin and soften, converys an even complexion, help reving darks bloches and pimpies. Makes your skin healthy, radiant, soft and satin-smooth.",,,2025-08-25,,,,6181100462005.0,,"https://www.lisabeautysupply.com/wp-content/uploads/2023/03/yhst-88462588038071_2613_3196344816-434x400.png, https://www.lisabeautysupply.com/wp-content/uploads/2023/03/yhst-88462588038071_2613_3196344816.png",,,,,,,,,,,https://www.lisabeautysupply.com/product/skin-light-cocoa-butter-lightening-beauty-cream-500ml-16-9-oz/
23,Maxi White S1 Brightening Cream Gel 1 oz,skin care,Cream,Maxi White,,,,1 oz,"Maxi White S1 Brightening Cream Gel 1 oz Strong formula Maxi White Brightening cream gel. The Maxi White Cream Gel is the perfect skincare product for a clear, even and translucent complexion. It fights against brown patches (caused by scars, sun, age, pregnancy, medicines). Its gel formula quickly penetrates and it helps to attenuate hyper-pigmented problem areas and prevent new spots from forming. Apply on a cleansed face. Gently massage to make it penetrate. Use twice a day during 3 or 6 weeks.",,,2025-08-25,,,,3425124301777.0,,https://www.lisabeautysupply.com/wp-content/uploads/2023/03/yhst-88462588038071_2614_3132600543.png,,,,,,,,,,,https://www.lisabeautysupply.com/product/maxi-white-s1-brightening-cream-gel-1-oz/
24,CAROTONE TRIO BLACK SPOT CORRECTOR,skin care,,CAROTONE TRIO,,,,,"CAROTONE TRIO BLACK SPOT CORRECTOR LOTION SERUM CREME DSR SPOT REMOVER This Carotone Black spot corrector kit contains cream, lotion, soap and serum.BSC cream care for final touch correction of persisting spots and scares.BSC Lotion cleans all skins impurities on face neck and elbows.Use it after the Carotone soap.BSC Serum eliminates all spots and marks that are on hands feet and elbows.Apply on dark spots after showering.Can be mixed with the cream.",,,2025-08-25,,,,,,"https://www.lisabeautysupply.com/wp-content/uploads/2024/10/CAROTONE-NOW-768x768.png, https://www.lisabeautysupply.com/wp-content/uploads/2024/10/CAROTONE-NOW-400x400.png, https://www.lisabeautysupply.com/wp-content/uploads/2024/10/CAROTONE-NOW.png, https://www.lisabeautysupply.com/wp-content/uploads/2024/10/CAROTONE-NOW-510x510.png",,,,,,,,,,,https://www.lisabeautysupply.com/product/carotone-trio-black-spot-corrector/
25,Daggett & Ramsdell Lightening Milk For Extra Dry Skin 6 oz,skin care,Milk,Daggett &,,,,6 oz,"Daggett & Ramsdell Lightening Milk For Extra Dry Skin 6 oz This deeply hydrating formula is designed to smooth the complexion of your skin while reducing the appearance of pigmented marks, discolorations on the skin and signs of premature aging. Formulated with Coconut Oil, Shea Butter and natural bearberry extract, this skin care lightening essential delivers soft, healthy, glowing results.",,,2025-08-25,,,,21959254351.0,,,,,,,,,,,,,https://www.lisabeautysupply.com/product/daggett-ramsdell-lightening-milk-for-extra-dry-skin-6-oz/
26,QEI+ Oriental With Argan Oil Strong Toning Cream-Gel 1 oz,skin care,Cream,QEI+ Oriental,,,,1 oz,QEI+ Oriental With Argan Oil Strong Toning Cream-Gel 1 oz With Argan Extract. Light and clear skin. The East unveiled us its beauty secrets and QEI + provides a service to your skin. The cream-gel ORIENTAL is a lightening body and face care based on a cocktail of plant extracts. Your skin will be brighter and unified.,,,2025-08-25,,,,98864005415.0,,"https://www.lisabeautysupply.com/wp-content/uploads/2023/03/yhst-88462588038071_2612_909047995-510x76.png, https://www.lisabeautysupply.com/wp-content/uploads/2023/03/yhst-88462588038071_2612_909047995.png, https://www.lisabeautysupply.com/wp-content/uploads/2023/03/yhst-88462588038071_2615_11112811549.png, https://www.lisabeautysupply.com/wp-content/uploads/2023/03/yhst-88462588038071_2612_909047995-768x114.png, https://www.lisabeautysupply.com/wp-content/uploads/2023/03/yhst-88462588038071_2612_909047995-1536x229.png, https://www.lisabeautysupply.com/wp-content/uploads/2023/03/yhst-88462588038071_2612_909047995-800x119.png, https://www.lisabeautysupply.com/wp-content/uploads/2023/03/yhst-88462588038071_2612_909047995-1400x209.png",,,,,,,,,,,https://www.lisabeautysupply.com/product/qei-oriental-with-argan-oil-strong-toning-cream-gel-1-oz/
27,Topiclear Paris Intense Premium Exfoliating Soap 7 oz / 200 g,skin care,Soap,Topiclear Paris,,,,"7 oz, 200 g","Topiclear Paris Intense Premium Exfoliating Soap 7 oz / 200 g It is formulated with a higher quality of ingredients in order to cleanse the skin of impurities, keeping it fresh and moisturized. Topiclear Paris Exfoliating Soap protects the skin efficaciously and it eliminates body odors. Helps you fight blackheads and pimples. Leaving your skin healthy and full of freshness ready to use Topiclear Paris Intense lightening care.",,,2025-08-25,,,,678924033208.0,,https://www.lisabeautysupply.com/wp-content/uploads/2023/03/yhst-88462588038071_2612_10547475225.png,,,,,,,,,,,https://www.lisabeautysupply.com/product/topiclear-paris-intense-premium-exfoliating-soap-7-oz-200-g/
28,Pure Skin Vanishing Care Body Cream 8.4 oz / 250 ml,skin care,Cream,Pure Skin,,,,"8.4 oz, 250 ml","Pure Skin Vanishing Care Body Cream 8.4 oz / 250 ml Vanishing Care Body Cream/Moisturizing Anti-Spot Oxygens the epidermis giving to your skin, day after day, a radiant complexion. Apply morning and evening to perfectly cleansed skin. Made in cote d’ivoire.",,,2025-08-25,,,,6182000102176.0,,https://www.lisabeautysupply.com/wp-content/uploads/2023/03/yhst-88462588038071_2615_11371688767.png,,,,,,,,,,,https://www.lisabeautysupply.com/product/pure-skin-vanishing-care-body-cream-8-4-oz-250-ml/
29,Pr. Francoise Bedon Puissance Lightening Serum 1.66 oz,skin care,Serum,Pr. Francoise,,,,1.66 oz,"Pr. Francoise Bedon Puissance Lightening Serum 1.66 oz Rapid skin care treatment that illuminates scars, age and sun spots resulting in a more even skin tone. Texture of skin is softer and clearer. Works best for elbows, knees and hands.",,,2025-08-25,,,,98864900666.0,,"https://www.lisabeautysupply.com/wp-content/uploads/2023/03/yhst-88462588038071_2612_845708689.png, https://www.lisabeautysupply.com/wp-content/uploads/2023/03/yhst-88462588038071_2612_845424609.png, https://www.lisabeautysupply.com/wp-content/uploads/2023/03/yhst-88462588038071_2614_10927061641.png",,,,,,,,,,,https://www.lisabeautysupply.com/product/pr-francoise-bedon-puissance-lightening-serum-1-66-oz/
30,Pr. Francoise Bedon Carrot Lightening Cream 1.7 oz,skin care,Cream,Pr. Francoise,,,,1.7 oz,"Pr. Francoise Bedon Carrot Lightening Cream 1.7 oz Professor Francoise Bedon Lightening Cream effectively fights against dark spots of the skin, natural or accidental marks and scars like cause by pregnancy, ageing or sun exposure. This cream enrched with beta carotene and vitamin E is formulated using vegetable extracts, carefully chosen to leave you a smooth, clear and free from spots skin.",,,2025-08-25,,,,3045621624553.0,,"https://www.lisabeautysupply.com/wp-content/uploads/2023/03/yhst-88462588038071_2612_806944148.png, https://www.lisabeautysupply.com/wp-content/uploads/2023/03/yhst-88462588038071_2612_807098524.png, https://www.lisabeautysupply.com/wp-content/uploads/2023/03/yhst-88462588038071_2612_807098524-510x194.png, https://www.lisabeautysupply.com/wp-content/uploads/2023/03/yhst-88462588038071_2612_806944148-510x224.png, https://www.lisabeautysupply.com/wp-content/uploads/2023/03/yhst-88462588038071_2612_10011757654.png",,,,,,,,,,,https://www.lisabeautysupply.com/product/pr-francoise-bedon-carrot-lightening-cream-1-7-oz/
31,Idole Papaya Exfoliating Lightening Soap 7oz / 200g,skin care,Soap,Idole Papaya,,,,"7oz, 200g","Idole Papaya Exfoliating Lightening Soap 7oz IDOLE Papaya Exfoliating Soap contains apricot seed powder to fight skin dark spots and pigmentary blemishes. Its rubbing action deeply cleans the epidermis, lightens your complexion and leaves your skin smooth, even and radiant. Papaya extract helps to this exfoliating and cleaning action. For every skin type. Use daily preferably before applying IDOLE lightening care.",,,2025-08-25,,,,674571001126.0,,https://www.lisabeautysupply.com/wp-content/uploads/2023/03/yhst-88462588038071_2613_19692517129.png,,,,,,,,,,,https://www.lisabeautysupply.com/product/idole-papaya-exfoliating-lightening-soap-7oz-200g/
32,Palmer’s Skin Success Anti-Dark Spot Fade Cream for Oily Skin 2.7 oz,skin care,Cream,Palmer’s Skin,,,,2.7 oz,"Palmer’s Skin Success Anti-Dark Spot Fade Cream for Oily Skin 2.7 oz Specially formulated for oily skin with the most advanced skin care ingredients to give you a more radiant, balanced complexion. Our skin lightening formula is clinically proven to remove dark spots, freckles, and other skin discolorations that may be caused by age, the sun, minor scars, pregnancy or contraception use. Lightweight moisturizers combined with essential vitamins and Alpha Hydroxy soften skin’s texture, eliminating any rough, flaky patches.",,,2025-08-25,,,,10181075056.0,,"https://www.lisabeautysupply.com/wp-content/uploads/2023/03/yhst-88462588038071_2615_970321829.png, https://www.lisabeautysupply.com/wp-content/uploads/2023/03/yhst-88462588038071_2613_2481047378-768x895.jpg, https://www.lisabeautysupply.com/wp-content/uploads/2023/03/yhst-88462588038071_2613_2481047378.jpg, https://www.lisabeautysupply.com/wp-content/uploads/2023/03/yhst-88462588038071_2613_2481047378-687x800.jpg, https://www.lisabeautysupply.com/wp-content/uploads/2023/03/yhst-88462588038071_2613_2481047378-510x594.jpg, https://www.lisabeautysupply.com/wp-content/uploads/2023/03/yhst-88462588038071_2615_970321829-407x400.png",,,,,,,,,,,https://www.lisabeautysupply.com/product/palmers-skin-success-anti-dark-spot-fade-cream-for-oily-skin-2-7-oz/
33,Short Sleeve Women Casual Tees Top,skin care,,Short Sleeve,,,,,"Specifications: Made of premium material, soft and skin-friendly. Dandelion print adds fashion elements to this top. Loose T-shirt can meet the needs of most people. Type: T-shirt Size Type: Regular Gender: Women Material: Cotton, Spandex Style: Casual Neck Type: O Neck Sleeve Length: Short Sleeve Garment Care: Hand Wash Features: Dandelion Print, Loose Style, Comfortable to Wear Size Details [Our Size S] Bust: 96cm/37.8″, Length: 70cm/27.6″ (Approx.) [Our Size M] Bust: 100cm/39.4″, Length: 71cm/28″ (Approx.) [Our Size L] Bust: 104cm/40.9″, Length: 72cm/28.3″ (Approx.) [Our Size XL] Bust: 108cm/42.5″, Length: 73cm/28.7″ (Approx.) [Our Size 2XL] Bust: 112cm/44.1″, Length: 74cm/29.1″ (Approx.) [Our Size 3XL] Bust: 116cm/45.7″, Length: 75cm/29.5″ (Approx.) [Our Size 4XL] Bust: 120cm/47.2″, Length: 76cm/29.9″ (Approx.) [Our Size 5XL] Bust: 124cm/48.8″, Length: 77cm/30.3″ (Approx.) Notes: Please Refer to our size chart and choose the right size. The real color of the item may be slightly different from the pictures shown on website caused by many factors such as brightness of your monitor and light brightness. Package Includes: 1 x T-shirt",,,2025-08-25,,,,1005001896323940.0,,"https://www.lisabeautysupply.com/wp-content/uploads/https://ae01.alicdn.com/kf/H44d87f3f215d46de8be56970784535e98/Dandelion-Print-T-Shirt-2020-Short-Sleeve-Women-Casual-Tees-Top-Loose-O-Neck-T-Shirts.jpg, https://www.lisabeautysupply.com/wp-content/uploads/https://ae01.alicdn.com/kf/Hee05190184534460ab37490a09b58f798/Dandelion-Print-T-Shirt-2020-Short-Sleeve-Women-Casual-Tees-Top-Loose-O-Neck-T-Shirts.jpg, https://www.lisabeautysupply.com/wp-content/uploads/https://ae01.alicdn.com/kf/H01ac6c45d23d491ca3d25c42ebd02365M/Dandelion-Print-T-Shirt-2020-Short-Sleeve-Women-Casual-Tees-Top-Loose-O-Neck-T-Shirts.jpg, https://www.lisabeautysupply.com/wp-content/uploads/https://ae01.alicdn.com/kf/H452e9506b32b42ce92e2d89d06042d74Z/Dandelion-Print-T-Shirt-2020-Short-Sleeve-Women-Casual-Tees-Top-Loose-O-Neck-T-Shirts.jpg_640x640.jpg, https://www.lisabeautysupply.com/wp-content/uploads/https://ae01.alicdn.com/kf/H2299846a2ba94379a2e97caaed657de2v/Dandelion-Print-T-Shirt-2020-Short-Sleeve-Women-Casual-Tees-Top-Loose-O-Neck-T-Shirts.jpg_640x640.jpg, https://www.lisabeautysupply.com/wp-content/uploads/https://ae01.alicdn.com/kf/H01ac6c45d23d491ca3d25c42ebd02365M/Dandelion-Print-T-Shirt-2020-Short-Sleeve-Women-Casual-Tees-Top-Loose-O-Neck-T-Shirts.jpg_640x640.jpg, https://www.lisabeautysupply.com/wp-content/uploads/https://ae01.alicdn.com/kf/H44d87f3f215d46de8be56970784535e98/Dandelion-Print-T-Shirt-2020-Short-Sleeve-Women-Casual-Tees-Top-Loose-O-Neck-T-Shirts.jpg_640x640.jpg, https://www.lisabeautysupply.com/wp-content/uploads/https://ae01.alicdn.com/kf/H452e9506b32b42ce92e2d89d06042d74Z/Dandelion-Print-T-Shirt-2020-Short-Sleeve-Women-Casual-Tees-Top-Loose-O-Neck-T-Shirts.jpg, https://www.lisabeautysupply.com/wp-content/uploads/https://ae01.alicdn.com/kf/H62ea7db1c75642088f1d5003d9bee7bcO/Dandelion-Print-T-Shirt-2020-Short-Sleeve-Women-Casual-Tees-Top-Loose-O-Neck-T-Shirts.jpg_640x640.jpg, https://www.lisabeautysupply.com/wp-content/uploads/https://ae01.alicdn.com/kf/H2299846a2ba94379a2e97caaed657de2v/Dandelion-Print-T-Shirt-2020-Short-Sleeve-Women-Casual-Tees-Top-Loose-O-Neck-T-Shirts.jpg, https://www.lisabeautysupply.com/wp-content/uploads/https://ae01.alicdn.com/kf/Hee05190184534460ab37490a09b58f798/Dandelion-Print-T-Shirt-2020-Short-Sleeve-Women-Casual-Tees-Top-Loose-O-Neck-T-Shirts.jpg_640x640.jpg, https://www.lisabeautysupply.com/wp-content/uploads/https://ae01.alicdn.com/kf/H62ea7db1c75642088f1d5003d9bee7bcO/Dandelion-Print-T-Shirt-2020-Short-Sleeve-Women-Casual-Tees-Top-Loose-O-Neck-T-Shirts.jpg",,,,,,,,,,,https://www.lisabeautysupply.com/product/short-sleeve-women-casual-tees-top/
34,Pr. Francoise Bedon Excellence Vegetable Oils Lightening Cream 1.69 oz,skin care,Cream,Pr. Francoise,,,,1.69 oz,"Pr. Francoise Bedon Excellence Vegetable Oils Lightening Cream 1.69 oz Professor Francoise Bedon EXCELLENCE Lightening Cream effectively fights against dark spots of the skin, natural or accidental marks and scars caused by pregnancy, age or sun exposure. This cream enriched with vegetable oils is formulated using extracts carefully chosen to leave you a smooth and clear skin free from spots.",,,2025-08-25,,,,3045050086359.0,,"https://www.lisabeautysupply.com/wp-content/uploads/2023/03/yhst-88462588038071_2612_822879118-510x179.png, https://www.lisabeautysupply.com/wp-content/uploads/2023/03/yhst-88462588038071_2612_822403696-768x353.png, https://www.lisabeautysupply.com/wp-content/uploads/2023/03/yhst-88462588038071_2612_822403696-510x235.png, https://www.lisabeautysupply.com/wp-content/uploads/2023/03/yhst-88462588038071_2612_822879118.png, https://www.lisabeautysupply.com/wp-content/uploads/2023/03/yhst-88462588038071_2612_9850684569.png, https://www.lisabeautysupply.com/wp-content/uploads/2023/03/yhst-88462588038071_2612_822403696.png",,,,,,,,,,,https://www.lisabeautysupply.com/product/pr-francoise-bedon-excellence-vegetable-oils-lightening-cream-1-69-oz/
35,Black & White Ointment 2.25 oz,skin care,Ointment,Black &,,,,2.25 oz,"Black & White Ointment 2.25 oz Antiseptic / external analgesic. Effective for many skin care needs, including acne, pimples, blackheads and itching.Helps give soothing relief of the itching, burning and stinging of acne pimples, eczema and many other minor skin problems.",,,2025-08-25,,,,75610947106.0,,https://www.lisabeautysupply.com/wp-content/uploads/2023/03/yhst-88462588038071_2616_732043236.png,,,,,,,,,,,https://www.lisabeautysupply.com/product/black-white-ointment-2-25-oz/
36,KILLER LEGS Women’s Lace Trim Keyhole Halter Bodystocking,skin care,,KILLER LEGS,,,,,"Just think of all the fun things you could do in this bodystocking meant to tease your honey! It features a lace trim halter neckline with keyhole and cross straps on an open back that shows plenty of skin. • Plunge v-neckline with lace trim • Keyhole on front • Sheer lace and fishnet design • Cross back straps • Durable • Soft and stretchy • Weight: 90-175lbs • Height: 5′-5’10” *THONG NOT INCLUDED Pack Breakdown: 6pcs. (One Size) Composition: 92% Nylon 8% Spandex Color: Black Care: Hand wash warm, Only use non-chlorine bleach when needed, Drip dry, do not iron.",,,2025-08-25,,,,,,"https://www.lisabeautysupply.com/wp-content/uploads/2020/12/Untitled-design-11-1.jpg, https://www.lisabeautysupply.com/wp-content/uploads/2020/12/Untitled-design-12-1.jpg",,,,,,,,,,,https://www.lisabeautysupply.com/product/wholesale-killer-legs-womens-lace-trim-keyhole-halter-bodystocking/
37,DH7 Carrot Exfoliating and Whitening Soap 8.75 oz,skin care,Soap,DH7 Carrot,,,,8.75 oz,"DH7 Carrot Exfoliating and Whitening Soap 8.75 oz The exfoliating and whitening soap DH7 CAROTTE soap is exclusively elaborated from plant assets VEGALIGHT and from powders olives nucleus, erasers carefully your skin, and eliminates the impurities, appearing on the superior layer of the skin. The purity and the luminosity of your skin are found by the elimination of these dead cells. The combination of the various assets, the essential oil and the contribution of the powder of olives nucleus restores you your youth skin. Your skin from now freed from these various impurities makes more effective the usage of the other products of the line DH7.",,,2025-08-25,,,,3760125300108.0,,"https://www.lisabeautysupply.com/wp-content/uploads/2023/03/yhst-88462588038071_2616_2002217387.png, https://www.lisabeautysupply.com/wp-content/uploads/2023/03/yhst-88462588038071_2616_7738010794.png, https://www.lisabeautysupply.com/wp-content/uploads/2023/03/yhst-88462588038071_2616_2002217387-510x202.png, https://www.lisabeautysupply.com/wp-content/uploads/2023/03/yhst-88462588038071_2616_2002217387-800x317.png, https://www.lisabeautysupply.com/wp-content/uploads/2023/03/yhst-88462588038071_2616_2002217387-768x304.png",,,,,,,,,,,https://www.lisabeautysupply.com/product/dh7-carrot-exfoliating-and-whitening-soap-8-75-oz/
38,Topifarm Lightening Scrubbing Soap 7.0 oz,skin care,Scrub,Topifarm Lightening,,,,7.0 oz,"Topifarm Lightening Scrubbing Soap 7.0 oz The exfoliating soap TOPIFARM is the care needed to effectively cleanse the skin without irritating. It stimulates cell regeneration. The Topifarm Exfoliating soap : 1. provides an instant feeling of softness. 2. makes your skin clear, bright, and sweet. 3. gives clarity and uniformity to your skin tone.",,,2025-08-25,,,,400001574911.0,,"https://www.lisabeautysupply.com/wp-content/uploads/2023/03/yhst-88462588038071_2612_3147276720-422x400.png, https://www.lisabeautysupply.com/wp-content/uploads/2023/03/yhst-88462588038071_2612_1629685688-510x370.png, https://www.lisabeautysupply.com/wp-content/uploads/2023/03/yhst-88462588038071_2612_1629685688-552x400.png, https://www.lisabeautysupply.com/wp-content/uploads/2023/03/yhst-88462588038071_2612_3147276720.png, https://www.lisabeautysupply.com/wp-content/uploads/2023/03/yhst-88462588038071_2612_1629685688.png",,,,,,,,,,,https://www.lisabeautysupply.com/product/topifarm-lightening-scrubbing-soap-7-0-oz/
39,Daggett & Ramsdell Moisturizing Lightening Milk 6 oz,skin care,Milk,Daggett &,,,,6 oz,"Daggett & Ramsdell Moisturizing Lightening Milk 6 oz This effective skin lightening formula is designed to help gently reduce the appearance of pigmented marks and discolorations on the skin. Formulated with natural bearberry extract, this skin care, lightening product helps even out skin tone and provide a fairer complexion.",,,2025-08-25,,,,21959254344.0,,"https://www.lisabeautysupply.com/wp-content/uploads/2023/03/daggett-ramsdell-moisturizing-lightening-milk-6-oz-15.jpg, https://www.lisabeautysupply.com/wp-content/uploads/2023/03/daggett-ramsdell-moisturizing-lightening-milk-6-oz-15-510x794.jpg, https://www.lisabeautysupply.com/wp-content/uploads/2023/03/daggett-ramsdell-moisturizing-lightening-milk-6-oz-1.png",,,,,,,,,,,https://www.lisabeautysupply.com/product/daggett-ramsdell-moisturizing-lightening-milk-6-oz/
40,Pr. Francoise Bedon Royal Multivitamins Lightening Face Gel 3.38 oz,skin care,Gel,Pr. Francoise,,,,3.38 oz,Pr. Francoise Bedon Royal Multivitamins Lightening Face Gel 3.38 oz Highly concentrated facial gel care that acts quickly to areas of intense discolorations. Effectively removes acne and balances skin tone leaving the face glowing.,,,2025-08-25,,,,400001575222.0,,"https://www.lisabeautysupply.com/wp-content/uploads/2023/03/yhst-88462588038071_2612_852220700.png, https://www.lisabeautysupply.com/wp-content/uploads/2023/03/yhst-88462588038071_2612_9869017033.png",,,,,,,,,,,https://www.lisabeautysupply.com/product/pr-francoise-bedon-royal-multivitamins-lightening-face-gel-3-38-oz/
41,One N Only Argan Oil Skin Micro-Derma Exfoliator 5 oz,skin care,Oil,One N,,,,5 oz,"One N Only Argan Oil Skin Micro-Derma Exfoliator 5 oz Argan Oil Microdermabrasion Exfoliator with Peptide Complex is a non-foaming scrub with microbeads that removes dead surface skin cells and the dullness of daily pollutants to revitalize and brighten the skin! Regular exfoliation helps with the absorption of skincare products for exceptional results. Dermatologist tested Soft microbeads gently roll across skin to exfoliate dry, dead skin cells, revealing fresh, healthy skin Gently removes dirt, oil and makeup Exfoliated skin helps with skincare and serum absorption into the skin Helps remove daily pollutants and makeup from the skin Argan oil helps to moisturize and keep skin looking radiant and smooth",,,2025-08-25,,,,74108345714.0,,https://www.lisabeautysupply.com/wp-content/uploads/2023/03/yhst-88462588038071_2612_5504926817.png,,,,,,,,,,,https://www.lisabeautysupply.com/product/one-n-only-argan-oil-skin-micro-derma-exfoliator-5-oz/
42,White Express Lightening & Exfoliating Soap 7.05 oz / 200g,skin care,Soap,White Express,,,,"7.05 oz, 200g","White Express Lightening & Exfoliating Soap 7.05 oz With Apricot Powder. White Express Soap (Lightening Exfoliating with Apricot Powder 200g Fairer Skin 15 DAYS This White Express soap is a natural herbal product that provides natural skin fairness. White Express lightening body products are enriched with plant extracts that takes good care of your skin every day. It beautifies, soften and protect your body against dryness and give you lightness in 15 days. 200 g",,,2025-08-25,,,,3700607904035.0,,"https://www.lisabeautysupply.com/wp-content/uploads/2023/03/yhst-88462588038071_2613_15906593002-768x768.jpg, https://www.lisabeautysupply.com/wp-content/uploads/2023/03/yhst-88462588038071_2613_19704242679-400x400.png, https://www.lisabeautysupply.com/wp-content/uploads/2023/03/yhst-88462588038071_2613_15906491311.jpg, https://www.lisabeautysupply.com/wp-content/uploads/2023/03/yhst-88462588038071_2613_15906491311-510x510.jpg, https://www.lisabeautysupply.com/wp-content/uploads/2023/03/yhst-88462588038071_2613_15906593002-400x400.jpg, https://www.lisabeautysupply.com/wp-content/uploads/2023/03/yhst-88462588038071_2613_19704242679.png, https://www.lisabeautysupply.com/wp-content/uploads/2023/03/yhst-88462588038071_2613_15906491311-768x768.jpg, https://www.lisabeautysupply.com/wp-content/uploads/2023/03/yhst-88462588038071_2613_15906593002.jpg, https://www.lisabeautysupply.com/wp-content/uploads/2023/03/yhst-88462588038071_2613_15906593002-510x510.jpg, https://www.lisabeautysupply.com/wp-content/uploads/2023/03/yhst-88462588038071_2613_15906491311-400x400.jpg",,,,,,,,,,,https://www.lisabeautysupply.com/product/white-express-lightening-exfoliating-soap-7-05-oz-200g/
43,Extreme Glow Strong Lightening Serum 1.66 oz / 50ml,skin care,Serum,Extreme Glow,,,,"1.66 oz, 50ml","Extreme Glow Strong Lightening Serum 1.66 oz Extreme Glow Strong Lightening Serum is a ground breaking step to healthy, younger, and lighter skin. Great for day or night use this specially formulated skin care treatment revives dehydrated skin and lightens the complexion. It’s uncanny ability to effectively remove spots and reinforce a lighter, fairer complexion, with an aggressive approach.",,,2025-08-25,,,,98864008249.0,,"https://www.lisabeautysupply.com/wp-content/uploads/2023/03/yhst-88462588038071_2613_487728497-502x400.png, https://www.lisabeautysupply.com/wp-content/uploads/2023/03/yhst-88462588038071_2613_487728497-510x406.png, https://www.lisabeautysupply.com/wp-content/uploads/2023/03/yhst-88462588038071_2613_487728497.png, https://www.lisabeautysupply.com/wp-content/uploads/2023/03/yhst-88462588038071_2613_487671120-510x405.png, https://www.lisabeautysupply.com/wp-content/uploads/2023/03/yhst-88462588038071_2613_487671120.png, https://www.lisabeautysupply.com/wp-content/uploads/2023/03/yhst-88462588038071_2613_487671120-504x400.png, https://www.lisabeautysupply.com/wp-content/uploads/2023/03/yhst-88462588038071_2613_487606398.png",,,,,,,,,,,https://www.lisabeautysupply.com/product/extreme-glow-strong-lightening-serum-1-66-oz-50ml/
44,Idole Lightening Exfoliating Soap with Avocado Powder 7 oz / 200g,skin care,Soap,Idole Lightening,,,,"7 oz, 200g","Idole Lightening Soap with Avocado Powder 7 oz IDOLE Lightening, exfoliating soap with avocado powder. contains avocado seed powder to accelerate the elimination of dead cells and to combat pigmentary blemishes. Not only does it deep cleanse the epidermis but also lightens your complexion and leaves your skin smooth, even and radiant. Daily use, preferably before applying IDOLE lightening care.",,,2025-08-25,,,,674571000204.0,,"https://www.lisabeautysupply.com/wp-content/uploads/2023/03/yhst-88462588038071_2613_19691681125-400x400.png, https://www.lisabeautysupply.com/wp-content/uploads/2023/03/yhst-88462588038071_2613_19691681125.png",,,,,,,,,,,https://www.lisabeautysupply.com/product/idole-lightening-exfoliating-soap-with-avocado-powder-7-oz-200g/
45,Topiclear Papaya Skin Toning Lotion 16.8 oz / 500 ml,skin care,Lotion,Topiclear Papaya,,,,"16.8 oz, 500 ml","Topiclear Papaya Skin Toning Lotion 16.8 oz / 500 ml Body care skin toning lotion for fading dark marks, blemishes and it also hydrates dry skin. Uses nourishing properties and natural papaya extract to leave the skin smooth, healthy and radiant.",,,2025-08-25,,,,678924162014.0,,"https://www.lisabeautysupply.com/wp-content/uploads/2023/03/yhst-88462588038071_2613_2507078735.jpg, https://www.lisabeautysupply.com/wp-content/uploads/2023/03/yhst-88462588038071_2612_10548364559.png",,,,,,,,,,,https://www.lisabeautysupply.com/product/topiclear-papaya-skin-toning-lotion-16-8-oz-500-ml/
46,Gold Skin Clarifying Body Soap With Snail Slime 6 oz / 180g,skin care,Soap,Gold Skin,,,,"6 oz, 180g","Gold Skin Clarifying Body Soap With Snail Slime 6 oz GOLD SKIN Clarifying Soap with snail slime deeply cleanses the skin while eliminating dead cells and other imperfections. Its cleansing base is enriched with snail slime which helps to evenly brighten the complexion, intensely moisturize and helps to restore, heal and tone the skin. Freed form impurities, your skin is ready to receive your GOLD SKIN cares. Results in 10 Days Active Ingredients: Kojic Acid- Glycolic Acid- Lactic Acid – Malic Acid – Citric Acid – Gluconic Acid – Aspergillus Ferment – Snail Secretion Filtrate",,,2025-08-25,,,,6181100321920.0,,https://www.lisabeautysupply.com/wp-content/uploads/2023/03/yhst-88462588038071_2614_11059004619.png,,,,,,,,,,,https://www.lisabeautysupply.com/product/gold-skin-clarifying-body-soap-with-snail-slime-6-oz-180g/
47,Pr. Francoise Bedon Imperiale Luxe Anti-Age Lightening Cream 1.69 oz,skin care,Cream,Pr. Francoise,,,,1.69 oz,"Pr. Francoise Bedon Imperiale Luxe Anti-Age Lightening Cream 1.69 oz Care based black truffle cream effectively fights dark spots of the skin such as scars, age spots, pregnancy and sun. Skin is softer and more luminous.",,,2025-08-25,,,,3045621624867.0,,"https://www.lisabeautysupply.com/wp-content/uploads/2023/03/yhst-88462588038071_2614_10000564311-510x663.jpg, https://www.lisabeautysupply.com/wp-content/uploads/2023/03/yhst-88462588038071_2614_10000564311.jpg, https://www.lisabeautysupply.com/wp-content/uploads/2023/03/yhst-88462588038071_2614_10951709962.png",,,,,,,,,,,https://www.lisabeautysupply.com/product/pr-francoise-bedon-imperiale-luxe-anti-age-lightening-cream-1-69-oz/
48,Mane Concept-Melanin Queen 100% Human Hair Wig MLH521-14″,skin care,,Mane Concept-Melanin,,,,,Mane Concept-Melanin Queen 100% Human Hair Wig MLH521-14″,,,2025-08-25,,,,,,"https://www.lisabeautysupply.com/wp-content/uploads/2019/09/Mane-concept-Melanie-Queen-100-Human-Hair-Lace-Front-Wig.png, https://www.lisabeautysupply.com/wp-content/uploads/2019/09/Melanine-queen-lace-wig.png",,,,,,,,,,,https://www.lisabeautysupply.com/product/mane-concept-melanin-queen-100-human-hair-wig-mlh521-14%e2%80%b3/
49,Dermabella Skin Lightening Beauty Soap 5 oz,skin care,Soap,Dermabella Skin,,,,5 oz,"Dermabella Skin Lightening Soap 5 oz with exfoliating action of apricot kernel and fruit acids has a multiple effect that deep cleanses the epidermis and gives the skin a clear and evenly lighter complexion. Used on a daily basis, it will increase the lightening properties of all DERMABELLA skin care products.",,,2025-08-25,,,,751273110971.0,,https://www.lisabeautysupply.com/wp-content/uploads/2023/03/yhst-88462588038071_2613_25839137906.png,,,,,,,,,,,https://www.lisabeautysupply.com/product/dermabella-skin-lightening-beauty-soap-5-oz/
50,HT 26 Paris Preparation Maximal Bleaching Face Lotion 100ml / 3.33oz,skin care,Lotion,HT 26,,,,"100ml, 3.33oz","HT 26 Paris Preparation Maximal Bleaching Face Lotion 100ml The maximum concentration HT26 concentrating lotion is particularly rich in lightening agents, to attenuate and reduce as soon as possible the brown spots and to unify your complexion. The maximum concentration lightening lotion will eliminate dead cells and melanin deposits, transiently inhibit hyperpigmentation, prepare your skin to receive lightening care and beautify your complexion with smoother skin and more clear.",,,2025-08-25,,,,3440570740024.0,,https://www.lisabeautysupply.com/wp-content/uploads/2023/03/yhst-88462588038071_2615_4182429607.png,,,,,,,,,,,https://www.lisabeautysupply.com/product/ht-26-paris-preparation-maximal-bleaching-face-lotion-100ml-3-33oz/
51,G & G Dynamiclair Lightening Beauty Jar Cream (red) 17.6 oz,skin care,Cream,G &,,,,17.6 oz,G & G Dynamiclair Lightening Beauty Jar Cream (red) 17.6 oz for All Skin Types With fruit Acids Lightening Beauty Cream with FRUITS ACIDS for all skins types with sun rays filters. Beauty care formula for the face and body. ‘G&G DYNAMICLAIR’ creme with sun rays filters lightens the skin and reduces brown spots. Conposed with active ingredients A.H.A and bearberry extracts it removes dead skin and over-pigmented cells of the epidermis. Provides an uniform all-over colour. Apply moring and evening for few weeks to optain first results.,,,2025-08-25,,,,6182000120163.0,,https://www.lisabeautysupply.com/wp-content/uploads/2023/03/yhst-88462588038071_2613_1660495060.png,,,,,,,,,,,https://www.lisabeautysupply.com/product/g-g-dynamiclair-lightening-beauty-jar-cream-red-17-6-oz/
52,Topiclear Coconut Skin Tone Body Cream 6 oz / 170 g,skin care,Cream,Topiclear Coconut,,,,"6 oz, 170 g","Topiclear Coconut Skin Tone Body Cream 6 oz / 170 g This summer Topiclear Inc launches the new Coconut Skin Tone Body Lotion and Skin Tone Body Cream, right choice for moisturizing and nourishing. The benefits are as always the fresh treatment of your body and the desired results of your complexion. Ideal for treating hyper-pigmented areas, Topiclear Coconut line of products have been prepared including Betula Alba Extract Leaf as one of the main ingredients to even out your skin tone. Topiclear Coconut is produced without parabens and petroleum oil, utilizing natural ingredients to make it the great choice for Skincare.",,,2025-08-25,,,,678924384010.0,,"https://www.lisabeautysupply.com/wp-content/uploads/2023/03/yhst-88462588038071_2613_2501363642-510x513.png, https://www.lisabeautysupply.com/wp-content/uploads/2023/03/yhst-88462588038071_2612_10546596501.png, https://www.lisabeautysupply.com/wp-content/uploads/2023/03/yhst-88462588038071_2613_2501363642.png",,,,,,,,,,,https://www.lisabeautysupply.com/product/topiclear-coconut-skin-tone-body-cream-6-oz-170-g/
53,DH7 Harmonie Exfoliating and Whitening Soap 8.75 oz,skin care,Soap,DH7 Harmonie,,,,8.75 oz,DH7 Harmonie Exfoliating and Whitening Soap 8.75 oz The Exfoliating and Whitening soap with acids of fruits and ginseng is exclusively elaborated from plant assets vegalight plus and some volcanic sand of TAHITI exfoliates carefully your skin and eliminates the impurities appearing on the superior layer of the skin . The purity and the luminosity of your skin are found thanks to the elimination of these dead cells.,,,2025-08-25,,,,3760125300115.0,,"https://www.lisabeautysupply.com/wp-content/uploads/2023/03/yhst-88462588038071_2612_10464630266.png, https://www.lisabeautysupply.com/wp-content/uploads/2023/03/yhst-88462588038071_2612_10397300992-768x495.jpg, https://www.lisabeautysupply.com/wp-content/uploads/2023/03/yhst-88462588038071_2612_10397300992-620x400.jpg, https://www.lisabeautysupply.com/wp-content/uploads/2023/03/yhst-88462588038071_2612_10397300992.jpg, https://www.lisabeautysupply.com/wp-content/uploads/2023/03/yhst-88462588038071_2612_10397300992-510x329.jpg",,,,,,,,,,,https://www.lisabeautysupply.com/product/dh7-harmonie-exfoliating-and-whitening-soap-8-75-oz/
54,Doctor Clear Lightening Care Body Lotion Double Strength 14oz,skin care,Lotion,Doctor Clear,,,,14oz,"Doctor Clear Lightening Care Body Lotion Double Strength 14oz Double Strength*** When used everyday, this lightening care helps to visibly brighten up your complexion. Smoothes, tones and texturizes skin, thanks to the vitamins, phyto ingreditnes and the PROWITE, complex known to improve skin’s complexion and vitality. With everyday use, Doctor Clear Fairness Lotion Care provides moisture making the skin look brighter and younger. After four weeks, it will visibly improve the skin’s overall appearance and texture. The tone will be clear and smooth.",,,2025-08-25,,,,752084304924.0,,https://www.lisabeautysupply.com/wp-content/uploads/2023/03/yhst-88462588038071_2615_10741133134.png,,,,,,,,,,,https://www.lisabeautysupply.com/product/doctor-clear-lightening-care-body-lotion-double-strength-14oz/
55,K-Resse Lumiere Lightening Soap 5.28oz,skin care,Soap,K-Resse Lumiere,,,,5.28oz,"K-Resse Lumiere Lightening Soap 5oz The Light Exfoliating K-RESSE soap is designed to answer the specific requirements of the black skin, matte and mixed race skin care. White lichens (seaweed from Brittany) removes dead skin cells, leaving the skin softer and prepares to receive additional product line for better efficiency. Its complex marine lightening restores radiance to skin and new light. With its creamy foam, it deep cleans and leaves the skin perfectly clean, freshly scented.",,,2025-08-25,,,,3760196668022.0,,"https://www.lisabeautysupply.com/wp-content/uploads/2023/03/yhst-88462588038071_2612_2847328542.png, https://www.lisabeautysupply.com/wp-content/uploads/2023/03/yhst-88462588038071_2612_2847328542-446x400.png",,,,,,,,,,,https://www.lisabeautysupply.com/product/k-resse-lumiere-lightening-soap-5-28oz/
56,Topiclear Skin Tone Body Oil 6 oz / 178 ml,skin care,Oil,Topiclear Skin,,,,"6 oz, 178 ml","Topiclear Skin Tone Body Oil 6 oz / 178 ml This light weight oil works to leave your skin with a silky smooth even toned complexion and takes away your worries about dry skin. Enriched with a light pleasant fragrance to add more beauty to the skin. The oil will protect, hydrate, and lock moisture into the skin. Use daily within your skincare regimen for best results. Avoid contact with eyes.",,,2025-08-25,,,,678924869012.0,,https://www.lisabeautysupply.com/wp-content/uploads/2023/03/yhst-88462588038071_2612_10547022734.png,,,,,,,,,,,https://www.lisabeautysupply.com/product/topiclear-skin-tone-body-oil-6-oz-178-ml/
57,Aveeno Positively Radiant Skin Brightening Exfoliating Face Scrub 5 oz,skin care,Scrub,Aveeno Positively,,,,5 oz,"Aveeno Positively Radiant Skin Brightening Exfoliating Face Scrub 5 oz Gently remove impurities for softer, brighter, more even-toned skin with Aveeno Positively Radiant Skin Brightening Daily Scrub. This brightening facial scrub gently exfoliates skin and helps improve tone, texture, and clarity to reveal brighter, more radiant skin. It’s designed to help improve dullness and blotchiness, so your skin looks and feels fresh. The unique formula of this gentle face scrub combines moisture-rich soy extract with naturally derived granules to exfoliate while you cleanse. The face scrub is also made with jojoba and castor oils, for skin that is softer, brighter and more even-toned. The soap-free formula is hypoallergenic, non-comedogenic, and gentle enough for sensitive skin and everyday use.The Positively Radiant collection is designed to enhance your natural radiance and give you a lit-from-within glow. Each soy enriched product enriched product targets even tone and texture. 5-oz tube of Aveeno Positively Radiant Skin Brightening Daily Scrub for softer, smoother skin This brightening facial scrub cleanses skin and helps improve skin tone, texture, and clarity Its unique formula contains moisture-rich soy extract and naturally derived granules The exfoliating cleanser is designed to gently remove impurities for softer, brighter skin This brightening face scrub is formulated with jojoba and castor oils From a dermatologist recommended skin care brand, this face scrub is soap-free and hypoallergenic It is suitable for everyday use and sensitive skin, and is non-comedogenic so it won’t clog pores Positively Radiant collection is designed to enhance natural radiance for a lit-from-within glow",,,2025-08-25,,,,381370036760.0,,"https://www.lisabeautysupply.com/wp-content/uploads/2023/03/yhst-88462588038071_2616_278422731-510x699.jpg, https://www.lisabeautysupply.com/wp-content/uploads/2023/03/yhst-88462588038071_2616_278345162-510x488.jpg, https://www.lisabeautysupply.com/wp-content/uploads/2023/03/yhst-88462588038071_2616_278345162.jpg, https://www.lisabeautysupply.com/wp-content/uploads/2023/03/yhst-88462588038071_2616_278345162-418x400.jpg, https://www.lisabeautysupply.com/wp-content/uploads/2023/03/yhst-88462588038071_2616_278422731.jpg, https://www.lisabeautysupply.com/wp-content/uploads/2023/03/yhst-88462588038071_2616_278264659.png",,,,,,,,,,,https://www.lisabeautysupply.com/product/aveeno-positively-radiant-skin-brightening-exfoliating-face-scrub-5-oz/
58,Pr. Francoise Bedon Homme Lightening Serum for Men 1.66 oz,skin care,Serum,Pr. Francoise,,,,1.66 oz,"Pr. Francoise Bedon Homme Lightening Serum for Men 1.66 oz Professor Francoise Bedon, enriched with Shea butter extract, serum for Men is an intense and fast lightening care. It reduces the dark spots and unifies the skin complexion while smoothing your skin. It is effective on phalanges, elbows and knees.",,,2025-08-25,,,,3045621624591.0,,"https://www.lisabeautysupply.com/wp-content/uploads/2023/03/yhst-88462588038071_2612_838702733.png, https://www.lisabeautysupply.com/wp-content/uploads/2023/03/yhst-88462588038071_2612_838334930.png, https://www.lisabeautysupply.com/wp-content/uploads/2023/03/yhst-88462588038071_2617_6916326548.png",,,,,,,,,,,https://www.lisabeautysupply.com/product/pr-francoise-bedon-homme-lightening-serum-for-men-1-66-oz/
59,White Essence Transparence Lightening Glycerin 6.8 oz,skin care,Essence,White Essence,,,,6.8 oz,"White Essence Transparence Lightening Glycerin 6.8 oz This glycerin is the ideal care to moisturize your skin. It combines its softening effect to the lightening complex making this product really precious. Thanks to its natural affinity with the skin, it allows the glycerine to melt away in order to restore transparency and luminosity to your tone. It can be used either alone over the desired areas or you can mix it along with your body lotion in order to improve its lightening effect.",,,2025-08-25,,,,3440576131451.0,,"https://www.lisabeautysupply.com/wp-content/uploads/2023/03/yhst-88462588038071_2613_15904749442.png, https://www.lisabeautysupply.com/wp-content/uploads/2023/03/yhst-88462588038071_2613_15904458036.png, https://www.lisabeautysupply.com/wp-content/uploads/2023/03/yhst-88462588038071_2613_19667016161.png",,,,,,,,,,,https://www.lisabeautysupply.com/product/white-essence-transparence-lightening-glycerin-6-8-oz/
60,Clinic Clear Whitening Body Cream 11.6 oz,skin care,Cream,Clinic Clear,,,,11.6 oz,"Clinic Clear Whitening Body Cream 11.6 oz Discover the beauty secret of African-American women for a perfect skin. This multi-function whitening body care unifies, corrects, protects, brightens and hydrates your skin in one step. Your skin is radiant and unified while being protected against premature signs of aging. Its formula has been specially designed and adapted to meet the nature of African skins and their cosmetic needs.",,,2025-08-25,,,,6186000199075.0,,"https://www.lisabeautysupply.com/wp-content/uploads/2023/03/yhst-88462588038071_2612_10465723569-418x400.png, https://www.lisabeautysupply.com/wp-content/uploads/2023/03/yhst-88462588038071_2612_10465723569.png",,,,,,,,,,,https://www.lisabeautysupply.com/product/clinic-clear-whitening-body-cream-11-6-oz/
61,Fair & White Gold Ultimate Prepare Sugar Exfoliator for Face 2.54 oz / 75 ml,skin care,,Fair &,,,,"2.54 oz, 75 ml","Fair & White Gold Ultimate Prepare Sugar Exfoliator for Face 2.54 oz / 75 ml For those consumers who do not wish to use exfoliating bar soaps (which can sometimes be irritating and drying especially for sensitive skin types) this rich creamy scented scrub gently removes dead skin and impurities, restoring dull skin back to its soft and silky texture. Allows active ingredients to penetrate skin much more effectively. Cell renewal slows down as we age giving the skin a dull appearance, therefore exfoliation is an important step to add to your daily skincare regimen, instantly improving skin’s texture and enhancing skin’s glow. Main Ingredients:  Gentle fruit powder.",,,2025-08-25,,,,877917006216.0,,https://www.lisabeautysupply.com/wp-content/uploads/2023/03/yhst-88462588038071_2616_10910327743.png,,,,,,,,,,,https://www.lisabeautysupply.com/product/fair-white-gold-ultimate-prepare-sugar-exfoliator-for-face-2-54-oz-75-ml/
62,HT26 Intensive Concentrated Liquid Lotion 3.3 oz/100 ml,skin care,Lotion,HT26 Intensive,,,,"3.3 oz, 100 ml","HT26 Intensive Concentrated Liquid Lotion 3.3 oz/100 ml Developed in response to problems of black or dark skin types HT26 ACTION-TACHES INTENSIVE CONCENTRATED LOTION contains selected plant active substances which help your skin to regain a new balance with a light, smooth complexion. This lotion is the ideal skin care intended to correct imperfection spots and dark areas let by pimples or scars.",,,2025-08-25,,,,400000813141.0,,https://www.lisabeautysupply.com/wp-content/uploads/2023/03/yhst-88462588038071_2612_10467797619.png,,,,,,,,,,,https://www.lisabeautysupply.com/product/ht26-intensive-concentrated-liquid-lotion-3-3-oz-100-ml/
63,Doctor Clear Lightening Care Facial Cream 1.75 oz,skin care,Cream,Doctor Clear,,,,1.75 oz,"Doctor Clear Lightening Care Facial Cream 1.75 oz Doctor Clear Lightening Care Facial Cream Hydroquinone Free Sensitive Skin, Moisturizing Vitamins C & E, is the reference of the clearing care. Its exclusive formula acts effectively on all skin types. It is formulated with a complex of clearing active products and a concentrate of Vitamin C and E.",,,2025-08-25,,,,752084304702.0,,https://www.lisabeautysupply.com/wp-content/uploads/2023/03/yhst-88462588038071_2612_2712665505.png,,,,,,,,,,,https://www.lisabeautysupply.com/product/doctor-clear-lightening-care-facial-cream-1-75-oz/
64,3D Butterfly Tattoos Stickers,skin care,,3D Butterfly,,,,,"1pcs 3D Butterfly Tattoos Stickers Rose Flower Girls Women Body Art Water Transfer Temporary Tattoo Sticker Arm Wrist Fake Tatoo Description 3D Butterfly Flower Tattoo Sticker The pattern is clear, non-toxic, tasteless, pure color, long-lasting waterproof. The gameplay is simple, easy to use, and you can post wherever you want. Instructions 1. Cut out the desired pattern, leave 2-3mm at the edge, and tear off the transparent film on the pattern. 2. Clean the area to be attached without sweat, oil or skin care products. 3. After correctly pasting, wait for 40-60 seconds, let it dry naturally, and then peel off the sticker. 4. There will be traces of glue on the edge after being pasted. After natural air-drying, use talcum powder to pat lightly to make the marks more natural. Quick removal method 1. Wipe with alcohol to quickly remove the pattern, and dip a cotton pad with alcohol. 2. Wet the part with the pattern completely. Wipe the pattern for 15-20 seconds. specification Material: water transfer paper Size: 19cmX9cm Pattern: butterfly, flower quantity: 1pcs Package includes: 1X tattoo stickers",,,2025-08-25,,,,1005002553567148.0,,"https://www.lisabeautysupply.com/wp-content/uploads/https://ae01.alicdn.com/kf/H9ce1beeb2a4d40248ed06d49aad9b9fbU/1pcs-3D-Butterfly-Tattoos-Stickers-Rose-Flower-Girls-Women-Body-Art-Water-Transfer-Temporary-Tattoo-Sticker.jpg_640x640.jpg, https://www.lisabeautysupply.com/wp-content/uploads/https://ae01.alicdn.com/kf/H6c6dd284437447a8a982e2e72868941dA/1pcs-3D-Butterfly-Tattoos-Stickers-Rose-Flower-Girls-Women-Body-Art-Water-Transfer-Temporary-Tattoo-Sticker.jpg_640x640.jpg, https://www.lisabeautysupply.com/wp-content/uploads/https://ae01.alicdn.com/kf/H4d9592a0655e4e7bae41a40d5ed79c24j/1pcs-3D-Butterfly-Tattoos-Stickers-Rose-Flower-Girls-Women-Body-Art-Water-Transfer-Temporary-Tattoo-Sticker.jpg, https://www.lisabeautysupply.com/wp-content/uploads/https://ae01.alicdn.com/kf/Hcd7dc57bf19a47798c4a4abdc25c93dfx/1pcs-3D-Butterfly-Tattoos-Stickers-Rose-Flower-Girls-Women-Body-Art-Water-Transfer-Temporary-Tattoo-Sticker.jpg, https://www.lisabeautysupply.com/wp-content/uploads/https://ae01.alicdn.com/kf/Hcd7dc57bf19a47798c4a4abdc25c93dfx/1pcs-3D-Butterfly-Tattoos-Stickers-Rose-Flower-Girls-Women-Body-Art-Water-Transfer-Temporary-Tattoo-Sticker.jpg_640x640.jpg, https://www.lisabeautysupply.com/wp-content/uploads/https://ae01.alicdn.com/kf/H9ce1beeb2a4d40248ed06d49aad9b9fbU/1pcs-3D-Butterfly-Tattoos-Stickers-Rose-Flower-Girls-Women-Body-Art-Water-Transfer-Temporary-Tattoo-Sticker.jpg, https://www.lisabeautysupply.com/wp-content/uploads/https://ae01.alicdn.com/kf/H4d9592a0655e4e7bae41a40d5ed79c24j/1pcs-3D-Butterfly-Tattoos-Stickers-Rose-Flower-Girls-Women-Body-Art-Water-Transfer-Temporary-Tattoo-Sticker.jpg_640x640.jpg, https://www.lisabeautysupply.com/wp-content/uploads/https://ae01.alicdn.com/kf/H6c6dd284437447a8a982e2e72868941dA/1pcs-3D-Butterfly-Tattoos-Stickers-Rose-Flower-Girls-Women-Body-Art-Water-Transfer-Temporary-Tattoo-Sticker.jpg, https://www.lisabeautysupply.com/wp-content/uploads/https://ae01.alicdn.com/kf/H6e9764d765b941e9940bdd561b8c4eaem/1pcs-3D-Butterfly-Tattoos-Stickers-Rose-Flower-Girls-Women-Body-Art-Water-Transfer-Temporary-Tattoo-Sticker.jpg, https://www.lisabeautysupply.com/wp-content/uploads/https://ae01.alicdn.com/kf/He4da8cba093d4de0b49c22565e6d714bs/1pcs-3D-Butterfly-Tattoos-Stickers-Rose-Flower-Girls-Women-Body-Art-Water-Transfer-Temporary-Tattoo-Sticker.jpg, https://www.lisabeautysupply.com/wp-content/uploads/https://ae01.alicdn.com/kf/H6e9764d765b941e9940bdd561b8c4eaem/1pcs-3D-Butterfly-Tattoos-Stickers-Rose-Flower-Girls-Women-Body-Art-Water-Transfer-Temporary-Tattoo-Sticker.jpg_640x640.jpg, https://www.lisabeautysupply.com/wp-content/uploads/https://ae01.alicdn.com/kf/He4da8cba093d4de0b49c22565e6d714bs/1pcs-3D-Butterfly-Tattoos-Stickers-Rose-Flower-Girls-Women-Body-Art-Water-Transfer-Temporary-Tattoo-Sticker.jpg_640x640.jpg",,,,,,,,,,,https://www.lisabeautysupply.com/product/3d-butterfly-tattoos-stickers/
65,HT26 Preparation Maximal Bleaching Body Cream 17.6 oz/ 500 ml,skin care,Cream,HT26 Preparation,,,,"17.6 oz, 500 ml","HT26 Preparation Maximal Bleaching Body Cream 17.6 oz/ 500 ml HT 26 RECOMMENDS Maximal Bleaching Body Cream Intensive Reparation, an intense depigmenting care for the body. It limits apparently the brown tasks, the tint of your skin becomes more uniform, clearer. It leaves your skin soft, silky and softer in the glance as in the touch. Real elixir of beauty, this care repairs and limits(eases) actively spots, caused by scars, pregnancy, sun exposure and skin aging. HT26 EXPLAINS Firstly, cleaned your skin with the cleaning gel of HT26. Then, applied the cream to your body in a uniform way in the morning and evening.",,,2025-08-25,,,,3440570740086.0,,"https://www.lisabeautysupply.com/wp-content/uploads/2023/03/yhst-88462588038071_2613_9027453782.png, https://www.lisabeautysupply.com/wp-content/uploads/2023/03/yhst-88462588038071_2613_9027453782-510x516.png, https://www.lisabeautysupply.com/wp-content/uploads/2023/03/yhst-88462588038071_2612_10378071687.png",,,,,,,,,,,https://www.lisabeautysupply.com/product/ht26-preparation-maximal-bleaching-body-cream-17-6-oz-500-ml/
66,Maxi White S1 Lightening Body Milk 17.6 oz,skin care,Milk,Maxi White,,,,"1 L, 17.6 oz","Maxi White S1 Lightening Body Milk 17.6 oz Strong formula body lightening milk. The MAXI WHITE S1 LIGHTENING LOTION is a very effective bleaching care for the body. Its formula acts on pigmentation system, it smoothly lights your skin and diminishes brown patches. Enriched in Vitamin E, it leaves your skin supply and silky. The Powerful MAXI WHITE S1 body milk is particularly recommended to attenuates cutaneous blemishes. Wt: 500ml / 17.6fl.oz.",,,2025-08-25,,,,877917001013.0,,https://www.lisabeautysupply.com/wp-content/uploads/2023/03/yhst-88462588038071_2614_3429493229.png,,,,,,,,,,,https://www.lisabeautysupply.com/product/maxi-white-s1-lightening-body-milk-17-6-oz/
67,Doctor Clear Lightening Care Body Lotion 14oz,skin care,Lotion,Doctor Clear,,,,14oz,"Doctor Clear Lightening Care Body Lotion 14oz When used everyday, our Lightening Care helps to visibly brighten up your complexion. Smoothes, tones and texturizes skin, thanks to the vitamins, phyto ingredients and PROWITE complex known to improve skin’s complexion and vitality.",,,2025-08-25,,,,752084303507.0,,https://www.lisabeautysupply.com/wp-content/uploads/2023/03/yhst-88462588038071_2615_846045107.png,,,,,,,,,,,https://www.lisabeautysupply.com/product/doctor-clear-lightening-care-body-lotion-14oz/
68,Pr. Francoise Bedon Homme Lightening Cream for Men 1.69 oz,skin care,Cream,Pr. Francoise,,,,1.69 oz,"Pr. Francoise Bedon Homme Lightening Cream for Men 1.69 oz Professor Francoise Bedon Lightening cream for Men effectively fights against dark spots of the skin, natural or accidental marks and scars cause by ageing or sun exposure. This cream enriched with Shea Butter is formulated using vegetable extracts, carefully chosen to leave you a smooth, clear and spotless skin.",,,2025-08-25,,,,3045621624584.0,,"https://www.lisabeautysupply.com/wp-content/uploads/2023/03/yhst-88462588038071_2612_832108855-768x343.png, https://www.lisabeautysupply.com/wp-content/uploads/2023/03/yhst-88462588038071_2612_10027244091.png, https://www.lisabeautysupply.com/wp-content/uploads/2023/03/yhst-88462588038071_2612_832351362.png, https://www.lisabeautysupply.com/wp-content/uploads/2023/03/yhst-88462588038071_2612_832108855-800x358.png, https://www.lisabeautysupply.com/wp-content/uploads/2023/03/yhst-88462588038071_2612_832108855.png, https://www.lisabeautysupply.com/wp-content/uploads/2023/03/yhst-88462588038071_2612_832351362-510x189.png, https://www.lisabeautysupply.com/wp-content/uploads/2023/03/yhst-88462588038071_2612_832108855-510x228.png",,,,,,,,,,,https://www.lisabeautysupply.com/product/pr-francoise-bedon-homme-lightening-cream-for-men-1-69-oz/
69,Mane Concept-Melanin Queen 100% Human Hair Wig MLH521-10″,skin care,,Mane Concept-Melanin,,,,,Mane Concept-Melanin Queen 100% Human Hair Wig MLH521-10″,,,2025-08-25,,,,,,"https://www.lisabeautysupply.com/wp-content/uploads/2019/09/Mane-concept-Melanie-Queen-100-Human-Hair-Lace-Front-Wig.png, https://www.lisabeautysupply.com/wp-content/uploads/2019/09/Melanine-queen-lace-wig.png",,,,,,,,,,,https://www.lisabeautysupply.com/product/mane-concept-melanin-queen-100-human-hair-wig-mlh521-10/
70,Clinic Clear Whitening Body Cream 125ml,skin care,Cream,Clinic Clear,,,,125ml,"Clinic Clear Whitening Body Cream 125ml Discover the beauty secret of African-American women for a perfect skin. This multi-function whitening body care unifies, corrects, protects, brightens, brightens and hydrates your skin in one step. Your skin is radiant and unified while being protected against premature signs of aging. Its formula has been specially designed and adapted to meet the nature of African skins and their cosmetic needs.",,,2025-08-25,,,,6181100281835.0,,"https://www.lisabeautysupply.com/wp-content/uploads/2023/03/yhst-88462588038071_2614_4537497722.png, https://www.lisabeautysupply.com/wp-content/uploads/2023/03/yhst-88462588038071_2614_4537605003.png, https://www.lisabeautysupply.com/wp-content/uploads/2023/03/yhst-88462588038071_2614_4537605003-510x194.png, https://www.lisabeautysupply.com/wp-content/uploads/2023/03/yhst-88462588038071_2614_4537605003-800x305.png, https://www.lisabeautysupply.com/wp-content/uploads/2023/03/yhst-88462588038071_2614_4537605003-768x293.png",,,,,,,,,,,https://www.lisabeautysupply.com/product/clinic-clear-whitening-body-cream-125ml/
71,Easy White Express Intense Lightening Milk Lotion 17.6 oz / 500ml,skin care,Lotion,Easy White,,,,"17.6 oz, 500ml","Easy White Express Intense Lightening Milk Lotion 17.6 oz This Intense Lightening Milk suitable for all skin types is a potent care which allows to quickly regain a smooth and unified skin. It acts effectively against pigmentary defects by regulating the melanocytes production so that the skin finds a radiant complexion. Ideal for a daily use, this very nourishing Milk makes the skin softer, more supple and restores its natural balance.",,,2025-08-25,,,,7640144932466.0,,https://www.lisabeautysupply.com/wp-content/uploads/2023/03/yhst-88462588038071_2613_26168983015.png,,,,,,,,,,,https://www.lisabeautysupply.com/product/easy-white-express-intense-lightening-milk-lotion-17-6-oz-500ml/
72,New Light Whitening Body Oil with Zaban 3.5 oz,skin care,Oil,New Light,,,,3.5 oz,"New Light Whitening Body Oil with Zaban 3.5 oz Rich in whitening agents, the New Light Zaban oil moisturizes and softens the skin. Apply it daily in association with New Light Zaban care products.",,,2025-08-25,,,,6181100423112.0,,https://www.lisabeautysupply.com/wp-content/uploads/2023/03/yhst-88462588038071_2612_10499279091.png,,,,,,,,,,,https://www.lisabeautysupply.com/product/new-light-whitening-body-oil-with-zaban-3-5-oz/
73,Brown Sugar Human Hair Blend Whole Lace Wig – BS401,skin care,,Brown Sugar,,,,,"Mane Concept Isis Collections Brown Sugar™ Human Hair Blend StyleMix™ Soft Swiss Lace™ Whole Lace Wig – BS-401 (Sombre Colors) Brown Sugar, the Best Natural Taste in 100% Human Hair Style Mix Lace Wigs! Brown Sugar 401’s natural texture delivers maximum comfort so you feel no irritation only satisfaction. We never compromise when it comes to quality, which is why Brown Sugar delivers the best results when it comes to styling and lasting durability. Brown sugar 401 features a modern mid-length cut with soft wispy long layers for the final touch. Feel free to bump your hair, Brown Sugar 401 has heat-resistant fibers that allow for safe heat styling! Length: Finished Length: 25″ (Front: 11”, Top: 15”, Crown: 14”, Upper Back: 17”, Nape: 17”, Side: 14”) Weight: 6.3 oz Extended Neck: Yes Features on the Soft Swiss Lace Front Wig (Lace Deep Part Lace) • 100% Human Hair StyleMIx™ • Soft Swiss Lace, Softer Finish • Skin Friendly, Natural Soft & Comfortable • Maximum Comfort • Maximum Manageability 100% Human Hair StyleMix Care Instructions 1. Untangle hair before washing with a wide tooth comb or running your fingers through. 2. Apply mild shampoo in lukewarm water. 3. Gently squeeze out excess water and pat dry with a towel without rolling the hair. 4. To dry hair, use a low heat dryer or set dry by air naturally. Recommendation 1. When drying do not twist or forcefully squeeze the hair. 2. Do not over brush curls or waves.",,,2025-08-25,,,,,,"https://www.lisabeautysupply.com/wp-content/uploads/2022/01/Brown-Sugar-Human-Hair-Blend-Whole-Lace-Wig-BS401-3.png, https://www.lisabeautysupply.com/wp-content/uploads/2022/01/Brown-Sugar-Human-Hair-Blend-Whole-Lace-Wig-BS401-1.png, https://www.lisabeautysupply.com/wp-content/uploads/2022/01/Brown-Sugar-Human-Hair-Blend-Whole-Lace-Wig-BS401.png, https://www.lisabeautysupply.com/wp-content/uploads/2022/01/Brown-Sugar-Human-Hair-Blend-Whole-Lace-Wig-BS401-2.png",,,,,,,,,,,https://www.lisabeautysupply.com/product/brown-sugar-human-hair-blend-whole-lace-wig-bs401/
74,Nature Secrete Lightening Cream Black Spot Corrector 3.3 oz,skin care,Cream,Nature Secrete,,,,3.3 oz,"Nature Secrete Lightening Cream Black Spot Corrector 3.3 oz Thanks to its unique vegetable composition, This care is real dark spot corrector with its multi-action: It participates actively in the cell renewal, It discolors naturally your spots, It standardizes your complexion and maintains the elasticity of your skin to everyday life, It also prenets the appearance of new patches of color.",,,2025-08-25,,,,6186000119967.0,,"https://www.lisabeautysupply.com/wp-content/uploads/2023/03/yhst-88462588038071_2615_11365431884.png, https://www.lisabeautysupply.com/wp-content/uploads/2023/03/yhst-88462588038071_2613_12310091585.png, https://www.lisabeautysupply.com/wp-content/uploads/2023/03/yhst-88462588038071_2613_12310091585-440x400.png",,,,,,,,,,,https://www.lisabeautysupply.com/product/nature-secrete-lightening-cream-black-spot-corrector-3-3-oz/
75,HT26 Multi-Lightening Body Lotion 17.6oz,skin care,Lotion,HT26 Multi-Lightening,,,,17.6oz,"HT26 Multi-Lightening Body Lotion 17.6oz Elaborated with active substances selected in accordance with advanced scientific research, HT26 MULTI LIGHTENING BODY LOTION is an ultra performing skin care both due to its action and results. Stemming from HT26 research, a complex of basically plants acts in synergy in order to block the hyperpigmentation process. It gradually attenuates dark zone and help to prevent their appearance. Its daily application all over the body allows you to obtain an even and unified tone with restored luminosity in a soft and homogeneous way. It will leave your skin silkier and brighter than ever offering a pleasant feeling of well being.",,,2025-08-25,,,,3440571190163.0,,https://www.lisabeautysupply.com/wp-content/uploads/2023/03/yhst-88462588038071_2612_5516442766.png,,,,,,,,,,,https://www.lisabeautysupply.com/product/ht26-multi-lightening-body-lotion-17-6oz/
76,KILLER LEGS Multi Strap Sensual Bodystocking,skin care,,KILLER LEGS,,,,,"Release your inner sex kitten when you slip on this gorgeously seductive sheer lace bodystocking. This all-in-one lingerie combines the skin-tight look of a basque, with leg-flattering stockings. • Weight: 150-250lbs • Height: 5′-5’10” Pack Breakdown: 6pcs. (One Size) Composition: 92% Nylon 8% Spandex Color: Black Care: Hand wash warm, Only use non-chlorine bleach when needed, Drip dry, do not iron.",,,2025-08-25,,,,,,"https://www.lisabeautysupply.com/wp-content/uploads/2020/12/Untitled-design-8-1.jpg, https://www.lisabeautysupply.com/wp-content/uploads/2020/12/Untitled-design-7-1.jpg",,,,,,,,,,,https://www.lisabeautysupply.com/product/wholesale-killer-legs-multi-strap-sensual-bodystocking/
77,Pr. Francoise Bedon Supreme Serum with Argan Oil 1.66 oz,skin care,Oil,Pr. Francoise,,,,1.66 oz,"Pr. Francoise Bedon Supreme Serum with Argan Oil 1.66 oz The Professor Francoise Bedon Supreme lightening serum enriched with argan extract, this serum is an intense and fast lightening care. it reduces dark spots and unifies the skin complexion while smoothing your skin. Effective on phalanxes, elbows and knees.",,,2025-08-25,,,,3045621624638.0,,https://www.lisabeautysupply.com/wp-content/uploads/2023/03/yhst-88462588038071_2617_6915890251.png,,,,,,,,,,,https://www.lisabeautysupply.com/product/pr-francoise-bedon-supreme-serum-with-argan-oil-1-66-oz/
78,Fair & White So White Hydra Sweet Moisturizing Cream 13.5 oz / 400ml,skin care,Cream,Fair &,,,,"13.5 oz, 400ml","Fair & White So White Hydra Sweet Moisturizing Cream 13.5 oz One of its kind, this rich velvety moisturizing cream deeply hydrates, reducing appearance of dry flaky skin. Anti-aging collagen complex, nourishes, strengthens and protects skin’s elasticity, promoting healthy supple firm skin. Potent hydrating complex enhances skin’s comfort, restoring radiance and softness. Skin is left feeling quenched and smooth, wrapped in an exquisitely fragrant silk-like caress. Made in France, Paris.",,,2025-08-25,,,,877917000009.0,,https://www.lisabeautysupply.com/wp-content/uploads/2023/03/yhst-88462588038071_2613_885953938.png,,,,,,,,,,,https://www.lisabeautysupply.com/product/fair-white-so-white-hydra-sweet-moisturizing-cream-13-5-oz-400ml/
79,G & G Dynamiclair Lightening Beauty Oil 150ml / 5 oz,skin care,Oil,G &,,,,"150ml, 5 oz","G & G Dynamiclair Lightening Beauty Oil 150ml With Fruits Acids. Anti-Marks with sun protection. Desire of a perfect Complexion : Beauty care for the face and body, ‘G&G DYNAMICLAIR’ lightening beauty oil with fruits acids lightens the complexion and reduces brown spots. Composed of active ingredients A.H.A and bearberry extracts, it removes dead skin and over pigmented cells of the epidermis. Reveals the harmor, of a wholly and shinny fair complexion. Weight:150ml / 5.1 oz",,,2025-08-25,,,,752301002022.0,,https://www.lisabeautysupply.com/wp-content/uploads/2023/03/yhst-88462588038071_2613_1661287846.png,,,,,,,,,,,https://www.lisabeautysupply.com/product/g-g-dynamiclair-lightening-beauty-oil-150ml-5-oz/
80,Clair & White Lightening Exfoliating Soap 7 oz,skin care,Soap,Clair &,,,,7 oz,"Clair & White Lightening Exfoliating Soap 7 oz CLAIR & WHITE Lightening Exfoliating Soap contains Retinal Palmitate to fight skin dark spots and blemishes. Its rubbing action removes the dead cells while deeply cleansing the epidermis. Lightens your skin leaving it smooth, even and radiant. Daily use, preferably before applying the CLAIR & WHITE lightening care.",,,2025-08-25,,,,98864009994.0,,"https://www.lisabeautysupply.com/wp-content/uploads/2023/03/yhst-88462588038071_2613_5852980827.png, https://www.lisabeautysupply.com/wp-content/uploads/2023/03/yhst-88462588038071_2617_919487666.png",,,,,,,,,,,https://www.lisabeautysupply.com/product/clair-white-lightening-exfoliating-soap-7-oz/
